Mach,Points_0,Points_1,Points_2,p_p0
0.474186,0,0,0.005,0.8633
0.474228,0.0015,0,0.005,0.863262
0.474271,0.003,0,0.005,0.863223
0.474313,0.0045,0,0.005,0.863185
0.474356,0.006,0,0.005,0.863146
0.474407,0.0075,0,0.005,0.863104
0.474472,0.009,0,0.005,0.863056
0.474537,0.0105,0,0.005,0.863008
0.474602,0.012,0,0.005,0.86296
0.474667,0.0135,0,0.005,0.862912
0.474715,0.015,0,0.005,0.862892
0.474757,0.0165,0,0.005,0.862879
0.4748,0.018,0,0.005,0.862866
0.474843,0.0195,0,0.005,0.862853
0.474885,0.021,0,0.005,0.862842
0.474928,0.0225,0,0.005,0.862838
0.47497,0.024,0,0.005,0.862834
0.475013,0.0255,0,0.005,0.86283
0.475056,0.027,0,0.005,0.862826
0.475103,0.0285,0,0.005,0.862825
0.475154,0.03,0,0.005,0.862825
0.475204,0.0315,0,0.005,0.862825
0.475254,0.033,0,0.005,0.862825
0.475306,0.0345,0,0.005,0.862825
0.475369,0.036,0,0.005,0.862826
0.475432,0.0375,0,0.005,0.862826
0.475495,0.039,0,0.005,0.862827
0.475558,0.0405,0,0.005,0.862828
0.47563,0.042,0,0.005,0.862827
0.475709,0.0435,0,0.005,0.862825
0.475788,0.045,0,0.005,0.862822
0.475867,0.0465,0,0.005,0.86282
0.475948,0.048,0,0.005,0.862817
0.476045,0.0495,0,0.005,0.862807
0.476143,0.051,0,0.005,0.862797
0.476241,0.0525,0,0.005,0.862787
0.476339,0.054,0,0.005,0.862777
0.476449,0.0555,0,0.005,0.862758
0.476566,0.057,0,0.005,0.862735
0.476683,0.0585,0,0.005,0.862711
0.4768,0.06,0,0.005,0.862688
0.476921,0.0615,0,0.005,0.862661
0.477057,0.063,0,0.005,0.862619
0.477193,0.0645,0,0.005,0.862577
0.477329,0.066,0,0.005,0.862536
0.477465,0.0675,0,0.005,0.862494
0.477615,0.069,0,0.005,0.862436
0.47777,0.0705,0,0.005,0.862372
0.477925,0.072,0,0.005,0.862308
0.47808,0.0735,0,0.005,0.862245
0.478242,0.075,0,0.005,0.862173
0.478417,0.0765,0,0.005,0.862085
0.478592,0.078,0,0.005,0.861997
0.478767,0.0795,0,0.005,0.861909
0.478942,0.081,0,0.005,0.861821
0.479138,0.0825,0,0.005,0.86171
0.479334,0.084,0,0.005,0.861597
0.479531,0.0855,0,0.005,0.861485
0.479727,0.087,0,0.005,0.861372
0.479937,0.0885,0,0.005,0.861246
0.480157,0.09,0,0.005,0.861109
0.480377,0.0915,0,0.005,0.860972
0.480597,0.093,0,0.005,0.860835
0.480823,0.0945,0,0.005,0.860693
0.481068,0.096,0,0.005,0.860533
0.481312,0.0975,0,0.005,0.860373
0.481557,0.099,0,0.005,0.860213
0.481802,0.1005,0,0.005,0.860053
0.48207,0.102,0,0.005,0.859874
0.482341,0.1035,0,0.005,0.859694
0.482612,0.105,0,0.005,0.859513
0.482883,0.1065,0,0.005,0.859332
0.483169,0.108,0,0.005,0.85914
0.483466,0.1095,0,0.005,0.85894
0.483763,0.111,0,0.005,0.85874
0.48406,0.1125,0,0.005,0.858541
0.484365,0.114,0,0.005,0.858336
0.484687,0.1155,0,0.005,0.858119
0.485008,0.117,0,0.005,0.857903
0.48533,0.1185,0,0.005,0.857686
0.485653,0.12,0,0.005,0.857469
0.485997,0.1215,0,0.005,0.857238
0.48634,0.123,0,0.005,0.857008
0.486684,0.1245,0,0.005,0.856777
0.487027,0.126,0,0.005,0.856547
0.487385,0.1275,0,0.005,0.856307
0.487747,0.129,0,0.005,0.856065
0.488108,0.1305,0,0.005,0.855823
0.48847,0.132,0,0.005,0.855581
0.48884,0.1335,0,0.005,0.855334
0.489216,0.135,0,0.005,0.855083
0.489592,0.1365,0,0.005,0.854831
0.489969,0.138,0,0.005,0.85458
0.490349,0.1395,0,0.005,0.854326
0.490736,0.141,0,0.005,0.854068
0.491123,0.1425,0,0.005,0.853811
0.49151,0.144,0,0.005,0.853553
0.491899,0.1455,0,0.005,0.853294
0.492294,0.147,0,0.005,0.853032
0.492689,0.1485,0,0.005,0.85277
0.493085,0.15,0,0.005,0.852508
0.49348,0.1515,0,0.005,0.852246
0.493883,0.153,0,0.005,0.851983
0.494286,0.1545,0,0.005,0.85172
0.494689,0.156,0,0.005,0.851456
0.495091,0.1575,0,0.005,0.851193
0.495501,0.159,0,0.005,0.85093
0.495911,0.1605,0,0.005,0.850667
0.496321,0.162,0,0.005,0.850404
0.496732,0.1635,0,0.005,0.850142
0.497148,0.165,0,0.005,0.849881
0.497567,0.1665,0,0.005,0.84962
0.497986,0.168,0,0.005,0.84936
0.498405,0.1695,0,0.005,0.8491
0.49883,0.171,0,0.005,0.848842
0.499259,0.1725,0,0.005,0.848585
0.499688,0.174,0,0.005,0.848329
0.500117,0.1755,0,0.005,0.848072
0.500552,0.177,0,0.005,0.847818
0.500992,0.1785,0,0.005,0.847565
0.501432,0.18,0,0.005,0.847313
0.501872,0.1815,0,0.005,0.847061
0.502317,0.183,0,0.005,0.84681
0.502769,0.1845,0,0.005,0.846562
0.503221,0.186,0,0.005,0.846314
0.503673,0.1875,0,0.005,0.846066
0.50413,0.189,0,0.005,0.84582
0.504594,0.1905,0,0.005,0.845576
0.505059,0.192,0,0.005,0.845333
0.505523,0.1935,0,0.005,0.845089
0.505991,0.195,0,0.005,0.844846
0.506467,0.1965,0,0.005,0.844605
0.506943,0.198,0,0.005,0.844364
0.507419,0.1995,0,0.005,0.844123
0.507898,0.201,0,0.005,0.843883
0.508385,0.2025,0,0.005,0.843644
0.508872,0.204,0,0.005,0.843405
0.509358,0.2055,0,0.005,0.843166
0.509848,0.207,0,0.005,0.842927
0.510345,0.2085,0,0.005,0.842687
0.510842,0.21,0,0.005,0.842448
0.511339,0.2115,0,0.005,0.842209
0.511839,0.213,0,0.005,0.841969
0.512345,0.2145,0,0.005,0.841727
0.512852,0.216,0,0.005,0.841486
0.513359,0.2175,0,0.005,0.841244
0.513869,0.219,0,0.005,0.841001
0.514386,0.2205,0,0.005,0.840754
0.514904,0.222,0,0.005,0.840508
0.515421,0.2235,0,0.005,0.840262
0.515943,0.225,0,0.005,0.840012
0.516472,0.2265,0,0.005,0.839758
0.517002,0.228,0,0.005,0.839504
0.517531,0.2295,0,0.005,0.839251
0.518067,0.231,0,0.005,0.838992
0.518611,0.2325,0,0.005,0.838728
0.519155,0.234,0,0.005,0.838464
0.519699,0.2355,0,0.005,0.8382
0.520253,0.237,0,0.005,0.837929
0.520813,0.2385,0,0.005,0.837652
0.521374,0.24,0,0.005,0.837375
0.521935,0.2415,0,0.005,0.837099
0.52251,0.243,0,0.005,0.836812
0.52309,0.2445,0,0.005,0.83652
0.523671,0.246,0,0.005,0.836229
0.524252,0.2475,0,0.005,0.835937
0.524851,0.249,0,0.005,0.835632
0.525453,0.2505,0,0.005,0.835325
0.526056,0.252,0,0.005,0.835017
0.526659,0.2535,0,0.005,0.834709
0.527285,0.255,0,0.005,0.834384
0.527911,0.2565,0,0.005,0.834058
0.528538,0.258,0,0.005,0.833733
0.529168,0.2595,0,0.005,0.833405
0.529819,0.261,0,0.005,0.833061
0.53047,0.2625,0,0.005,0.832718
0.531122,0.264,0,0.005,0.832374
0.531781,0.2655,0,0.005,0.832024
0.532458,0.267,0,0.005,0.831663
0.533134,0.2685,0,0.005,0.831301
0.53381,0.27,0,0.005,0.830939
0.5345,0.2715,0,0.005,0.830567
0.5352,0.273,0,0.005,0.830186
0.535901,0.2745,0,0.005,0.829806
0.536601,0.276,0,0.005,0.829425
0.537319,0.2775,0,0.005,0.829031
0.538042,0.279,0,0.005,0.828632
0.538765,0.2805,0,0.005,0.828233
0.539488,0.282,0,0.005,0.827834
0.540232,0.2835,0,0.005,0.827418
0.540976,0.285,0,0.005,0.827001
0.54172,0.2865,0,0.005,0.826585
0.542469,0.288,0,0.005,0.826164
0.543232,0.2895,0,0.005,0.82573
0.543995,0.291,0,0.005,0.825297
0.544758,0.2925,0,0.005,0.824863
0.54553,0.294,0,0.005,0.824421
0.54631,0.2955,0,0.005,0.82397
0.54709,0.297,0,0.005,0.82352
0.54787,0.2985,0,0.005,0.823069
0.548663,0.3,0,0.005,0.822607
0.549458,0.3015,0,0.005,0.822141
0.550254,0.303,0,0.005,0.821675
0.551051,0.3045,0,0.005,0.821208
0.551862,0.306,0,0.005,0.820728
0.552673,0.3075,0,0.005,0.820247
0.553483,0.309,0,0.005,0.819767
0.5543,0.3105,0,0.005,0.819281
0.555126,0.312,0,0.005,0.818787
0.555952,0.3135,0,0.005,0.818293
0.556777,0.315,0,0.005,0.8178
0.557614,0.3165,0,0.005,0.817296
0.558455,0.318,0,0.005,0.81679
0.559296,0.3195,0,0.005,0.816284
0.560139,0.321,0,0.005,0.815776
0.560996,0.3225,0,0.005,0.815258
0.561852,0.324,0,0.005,0.81474
0.562709,0.3255,0,0.005,0.814223
0.563574,0.327,0,0.005,0.813699
0.564448,0.3285,0,0.005,0.813171
0.565321,0.33,0,0.005,0.812642
0.566195,0.3315,0,0.005,0.812113
0.567083,0.333,0,0.005,0.811576
0.567974,0.3345,0,0.005,0.811038
0.568865,0.336,0,0.005,0.810499
0.569761,0.3375,0,0.005,0.809958
0.570669,0.339,0,0.005,0.80941
0.571578,0.3405,0,0.005,0.808863
0.572486,0.342,0,0.005,0.808315
0.573408,0.3435,0,0.005,0.80776
0.574335,0.345,0,0.005,0.807204
0.575261,0.3465,0,0.005,0.806647
0.576191,0.348,0,0.005,0.806088
0.577135,0.3495,0,0.005,0.805523
0.578079,0.351,0,0.005,0.804958
0.579023,0.3525,0,0.005,0.804393
0.579978,0.354,0,0.005,0.803823
0.580939,0.3555,0,0.005,0.803249
0.5819,0.357,0,0.005,0.802676
0.582863,0.3585,0,0.005,0.802102
0.58384,0.36,0,0.005,0.801521
0.584817,0.3615,0,0.005,0.800939
0.585795,0.363,0,0.005,0.800358
0.58678,0.3645,0,0.005,0.799772
0.587773,0.366,0,0.005,0.799183
0.588765,0.3675,0,0.005,0.798594
0.589758,0.369,0,0.005,0.798004
0.590764,0.3705,0,0.005,0.797407
0.59177,0.372,0,0.005,0.796809
0.592776,0.3735,0,0.005,0.796212
0.593791,0.375,0,0.005,0.795609
0.59481,0.3765,0,0.005,0.795004
0.595829,0.378,0,0.005,0.794398
0.59685,0.3795,0,0.005,0.793791
0.597882,0.381,0,0.005,0.793176
0.598913,0.3825,0,0.005,0.792562
0.599945,0.384,0,0.005,0.791947
0.600985,0.3855,0,0.005,0.791326
0.602029,0.387,0,0.005,0.790702
0.603073,0.3885,0,0.005,0.790079
0.604121,0.39,0,0.005,0.789453
0.605177,0.3915,0,0.005,0.78882
0.606234,0.393,0,0.005,0.788187
0.607291,0.3945,0,0.005,0.787554
0.608359,0.396,0,0.005,0.786912
0.609429,0.3975,0,0.005,0.78627
0.610499,0.399,0,0.005,0.785627
0.611576,0.4005,0,0.005,0.784979
0.61266,0.402,0,0.005,0.784326
0.613744,0.4035,0,0.005,0.783673
0.614829,0.405,0,0.005,0.783019
0.615929,0.4065,0,0.005,0.782355
0.617028,0.408,0,0.005,0.781691
0.618128,0.4095,0,0.005,0.781028
0.619239,0.411,0,0.005,0.780356
0.620355,0.4125,0,0.005,0.779681
0.621471,0.414,0,0.005,0.779006
0.622593,0.4155,0,0.005,0.778326
0.623727,0.417,0,0.005,0.77764
0.624861,0.4185,0,0.005,0.776953
0.625995,0.42,0,0.005,0.776266
0.627147,0.4215,0,0.005,0.775567
0.628299,0.423,0,0.005,0.774868
0.629452,0.4245,0,0.005,0.774169
0.630618,0.426,0,0.005,0.773462
0.63179,0.4275,0,0.005,0.772751
0.632961,0.429,0,0.005,0.772039
0.634141,0.4305,0,0.005,0.771323
0.635333,0.432,0,0.005,0.770599
0.636525,0.4335,0,0.005,0.769875
0.637719,0.435,0,0.005,0.76915
0.638931,0.4365,0,0.005,0.768413
0.640143,0.438,0,0.005,0.767676
0.641354,0.4395,0,0.005,0.766939
0.642583,0.441,0,0.005,0.766191
0.643815,0.4425,0,0.005,0.76544
0.645047,0.444,0,0.005,0.764689
0.64629,0.4455,0,0.005,0.763931
0.647542,0.447,0,0.005,0.763167
0.648794,0.4485,0,0.005,0.762403
0.650052,0.45,0,0.005,0.761635
0.651323,0.4515,0,0.005,0.760858
0.652594,0.453,0,0.005,0.76008
0.653866,0.4545,0,0.005,0.759302
0.655156,0.456,0,0.005,0.758512
0.656445,0.4575,0,0.005,0.757721
0.657734,0.459,0,0.005,0.756931
0.659038,0.4605,0,0.005,0.756129
0.660345,0.462,0,0.005,0.755325
0.661652,0.4635,0,0.005,0.754521
0.662969,0.465,0,0.005,0.753709
0.664293,0.4665,0,0.005,0.752892
0.665616,0.468,0,0.005,0.752075
0.666947,0.4695,0,0.005,0.751251
0.668286,0.471,0,0.005,0.750421
0.669624,0.4725,0,0.005,0.749591
0.670968,0.474,0,0.005,0.748757
0.672322,0.4755,0,0.005,0.747914
0.673676,0.477,0,0.005,0.747071
0.675033,0.4785,0,0.005,0.746226
0.676401,0.48,0,0.005,0.745371
0.67777,0.4815,0,0.005,0.744516
0.679139,0.483,0,0.005,0.743661
0.680521,0.4845,0,0.005,0.742793
0.681904,0.486,0,0.005,0.741926
0.683286,0.4875,0,0.005,0.741059
0.684681,0.489,0,0.005,0.740181
0.686077,0.4905,0,0.005,0.739303
0.687474,0.492,0,0.005,0.738424
0.688881,0.4935,0,0.005,0.737535
0.690291,0.495,0,0.005,0.736644
0.691702,0.4965,0,0.005,0.735754
0.693122,0.498,0,0.005,0.734855
0.694546,0.4995,0,0.005,0.733953
0.69597,0.501,0,0.005,0.733051
0.697403,0.5025,0,0.005,0.732142
0.698841,0.504,0,0.005,0.731229
0.70028,0.5055,0,0.005,0.730315
0.701727,0.507,0,0.005,0.729396
0.70318,0.5085,0,0.005,0.728472
0.704633,0.51,0,0.005,0.727548
0.706093,0.5115,0,0.005,0.726618
0.707562,0.513,0,0.005,0.725683
0.70903,0.5145,0,0.005,0.724747
0.710505,0.516,0,0.005,0.723807
0.711989,0.5175,0,0.005,0.722861
0.713473,0.519,0,0.005,0.721915
0.714964,0.5205,0,0.005,0.720964
0.716464,0.522,0,0.005,0.720008
0.717964,0.5235,0,0.005,0.719051
0.719471,0.525,0,0.005,0.71809
0.720987,0.5265,0,0.005,0.717123
0.722504,0.528,0,0.005,0.716156
0.724027,0.5295,0,0.005,0.715185
0.72556,0.531,0,0.005,0.714208
0.727092,0.5325,0,0.005,0.71323
0.728632,0.534,0,0.005,0.712249
0.730182,0.5355,0,0.005,0.711261
0.731731,0.537,0,0.005,0.710273
0.733289,0.5385,0,0.005,0.709281
0.734855,0.54,0,0.005,0.708284
0.736421,0.5415,0,0.005,0.707287
0.737996,0.543,0,0.005,0.706284
0.739579,0.5445,0,0.005,0.705276
0.741162,0.546,0,0.005,0.704269
0.742755,0.5475,0,0.005,0.703256
0.744354,0.549,0,0.005,0.702238
0.745953,0.5505,0,0.005,0.701221
0.747563,0.552,0,0.005,0.700197
0.749178,0.5535,0,0.005,0.69917
0.750794,0.555,0,0.005,0.698143
0.75242,0.5565,0,0.005,0.697108
0.754051,0.558,0,0.005,0.696071
0.755682,0.5595,0,0.005,0.695035
0.757325,0.561,0,0.005,0.69399
0.758971,0.5625,0,0.005,0.692943
0.760617,0.564,0,0.005,0.691896
0.762277,0.5655,0,0.005,0.69084
0.763937,0.567,0,0.005,0.689784
0.765599,0.5685,0,0.005,0.688727
0.767273,0.57,0,0.005,0.687661
0.768948,0.5715,0,0.005,0.686596
0.770625,0.573,0,0.005,0.685528
0.772313,0.5745,0,0.005,0.684452
0.774001,0.576,0,0.005,0.683377
0.775693,0.5775,0,0.005,0.682298
0.777394,0.579,0,0.005,0.681214
0.779094,0.5805,0,0.005,0.680129
0.780801,0.582,0,0.005,0.679039
0.782514,0.5835,0,0.005,0.677945
0.784227,0.585,0,0.005,0.676852
0.785949,0.5865,0,0.005,0.675751
0.787673,0.588,0,0.005,0.674648
0.789398,0.5895,0,0.005,0.673545
0.791133,0.591,0,0.005,0.672434
0.792869,0.5925,0,0.005,0.671322
0.794607,0.594,0,0.005,0.670209
0.796355,0.5955,0,0.005,0.669088
0.798104,0.597,0,0.005,0.667967
0.799856,0.5985,0,0.005,0.666843
0.801615,0.6,0,0.005,0.665713
0.803375,0.6015,0,0.005,0.664583
0.805142,0.603,0,0.005,0.663449
0.806914,0.6045,0,0.005,0.66231
0.808686,0.606,0,0.005,0.661171
0.810466,0.6075,0,0.005,0.660025
0.812249,0.609,0,0.005,0.658878
0.814033,0.6105,0,0.005,0.657731
0.815828,0.612,0,0.005,0.656576
0.817623,0.6135,0,0.005,0.65542
0.819422,0.615,0,0.005,0.654262
0.821228,0.6165,0,0.005,0.653098
0.823035,0.618,0,0.005,0.651935
0.824848,0.6195,0,0.005,0.650766
0.826666,0.621,0,0.005,0.649595
0.828484,0.6225,0,0.005,0.648424
0.830313,0.624,0,0.005,0.647245
0.832143,0.6255,0,0.005,0.646066
0.833976,0.627,0,0.005,0.644886
0.835818,0.6285,0,0.005,0.643699
0.83766,0.63,0,0.005,0.642513
0.839509,0.6315,0,0.005,0.641322
0.841365,0.633,0,0.005,0.640128
0.84322,0.6345,0,0.005,0.638934
0.845086,0.636,0,0.005,0.637733
0.846955,0.6375,0,0.005,0.636531
0.848825,0.639,0,0.005,0.635328
0.850706,0.6405,0,0.005,0.634119
0.852587,0.642,0,0.005,0.63291
0.854475,0.6435,0,0.005,0.631698
0.856369,0.645,0,0.005,0.630482
0.858263,0.6465,0,0.005,0.629266
0.860168,0.648,0,0.005,0.628045
0.862075,0.6495,0,0.005,0.626823
0.863985,0.651,0,0.005,0.625599
0.865904,0.6525,0,0.005,0.624371
0.867823,0.654,0,0.005,0.623143
0.869751,0.6555,0,0.005,0.62191
0.871683,0.657,0,0.005,0.620675
0.873617,0.6585,0,0.005,0.61944
0.875562,0.66,0,0.005,0.618199
0.877507,0.6615,0,0.005,0.616958
0.87946,0.663,0,0.005,0.615713
0.881419,0.6645,0,0.005,0.614466
0.883379,0.666,0,0.005,0.613218
0.88535,0.6675,0,0.005,0.611966
0.887321,0.669,0,0.005,0.610714
0.889298,0.6705,0,0.005,0.60946
0.891281,0.672,0,0.005,0.608203
0.893264,0.6735,0,0.005,0.606946
0.895256,0.675,0,0.005,0.605686
0.89725,0.6765,0,0.005,0.604425
0.899247,0.678,0,0.005,0.603163
0.90125,0.6795,0,0.005,0.601898
0.903253,0.681,0,0.005,0.600633
0.905263,0.6825,0,0.005,0.599365
0.907275,0.684,0,0.005,0.598095
0.909289,0.6855,0,0.005,0.596824
0.911309,0.687,0,0.005,0.59555
0.913328,0.6885,0,0.005,0.594277
0.915353,0.69,0,0.005,0.592999
0.917379,0.6915,0,0.005,0.591721
0.919407,0.693,0,0.005,0.590441
0.921438,0.6945,0,0.005,0.589158
0.92347,0.696,0,0.005,0.587875
0.925505,0.6975,0,0.005,0.58659
0.927541,0.699,0,0.005,0.585304
0.929579,0.7005,0,0.005,0.584017
0.931622,0.702,0,0.005,0.582727
0.933665,0.7035,0,0.005,0.581437
0.935713,0.705,0,0.005,0.580144
0.937761,0.7065,0,0.005,0.578852
0.939812,0.708,0,0.005,0.577558
0.941867,0.7095,0,0.005,0.576262
0.943922,0.711,0,0.005,0.574967
0.945984,0.7125,0,0.005,0.573668
0.948045,0.714,0,0.005,0.572369
0.950108,0.7155,0,0.005,0.571071
0.952171,0.717,0,0.005,0.569773
0.954236,0.7185,0,0.005,0.568474
0.956307,0.72,0,0.005,0.567174
0.958377,0.7215,0,0.005,0.565874
0.96045,0.723,0,0.005,0.564573
0.962523,0.7245,0,0.005,0.563272
0.964596,0.726,0,0.005,0.561971
0.96667,0.7275,0,0.005,0.56067
0.968743,0.729,0,0.005,0.559369
0.970818,0.7305,0,0.005,0.558068
0.972893,0.732,0,0.005,0.556768
0.974962,0.7335,0,0.005,0.555472
0.977028,0.735,0,0.005,0.554178
0.979091,0.7365,0,0.005,0.552887
0.981151,0.738,0,0.005,0.551601
0.98321,0.7395,0,0.005,0.550314
0.985241,0.741,0,0.005,0.549047
0.98727,0.7425,0,0.005,0.54778
0.989286,0.744,0,0.005,0.546523
0.991295,0.7455,0,0.005,0.545272
0.993382,0.747,0,0.005,0.543974
0.995644,0.7485,0,0.005,0.542568
0.997907,0.75,0,0.005,0.541163
1.00057,0.7515,0,0.005,0.539511
1.00324,0.753,0,0.005,0.537859
1.00578,0.7545,0,0.005,0.53629
1.00827,0.756,0,0.005,0.534756
1.01055,0.7575,0,0.005,0.533347
1.0125,0.759,0,0.005,0.532147
1.01445,0.7605,0,0.005,0.530951
1.01625,0.762,0,0.005,0.529844
1.01805,0.7635,0,0.005,0.528736
1.02,0.765,0,0.005,0.527542
1.02201,0.7665,0,0.005,0.526309
1.02409,0.768,0,0.005,0.525038
1.0263,0.7695,0,0.005,0.523695
1.0285,0.771,0,0.005,0.522351
1.03074,0.7725,0,0.005,0.52099
1.03297,0.774,0,0.005,0.519629
1.03522,0.7755,0,0.005,0.518263
1.03747,0.777,0,0.005,0.516895
1.03972,0.7785,0,0.005,0.515531
1.04194,0.78,0,0.005,0.514186
1.04417,0.7815,0,0.005,0.51284
1.04632,0.783,0,0.005,0.511538
1.04846,0.7845,0,0.005,0.510246
1.0506,0.786,0,0.005,0.508958
1.05273,0.7875,0,0.005,0.507677
1.05485,0.789,0,0.005,0.506397
1.05699,0.7905,0,0.005,0.505116
1.05912,0.792,0,0.005,0.503836
1.06126,0.7935,0,0.005,0.50256
1.06338,0.795,0,0.005,0.501286
1.06552,0.7965,0,0.005,0.50001
1.0677,0.798,0,0.005,0.498709
1.06989,0.7995,0,0.005,0.497409
1.07211,0.801,0,0.005,0.49609
1.07434,0.8025,0,0.005,0.494763
1.07658,0.804,0,0.005,0.493437
1.07881,0.8055,0,0.005,0.492119
1.08104,0.807,0,0.005,0.4908
1.08326,0.8085,0,0.005,0.48949
1.08548,0.81,0,0.005,0.488183
1.0877,0.8115,0,0.005,0.486877
1.08992,0.813,0,0.005,0.485573
1.09214,0.8145,0,0.005,0.484269
1.09437,0.816,0,0.005,0.482961
1.09661,0.8175,0,0.005,0.481652
1.09885,0.819,0,0.005,0.480342
1.1011,0.8205,0,0.005,0.47903
1.10335,0.822,0,0.005,0.477717
1.10558,0.8235,0,0.005,0.47642
1.1078,0.825,0,0.005,0.475129
1.11002,0.8265,0,0.005,0.473841
1.11221,0.828,0,0.005,0.472569
1.11441,0.8295,0,0.005,0.471298
1.11661,0.831,0,0.005,0.470027
1.11882,0.8325,0,0.005,0.468756
1.12103,0.834,0,0.005,0.467485
1.12324,0.8355,0,0.005,0.466213
1.12546,0.837,0,0.005,0.464941
1.12767,0.8385,0,0.005,0.463671
1.12988,0.84,0,0.005,0.462405
1.1321,0.8415,0,0.005,0.461138
1.1343,0.843,0,0.005,0.459882
1.1365,0.8445,0,0.005,0.458626
1.13871,0.846,0,0.005,0.457371
1.14092,0.8475,0,0.005,0.456118
1.14313,0.849,0,0.005,0.454865
1.14536,0.8505,0,0.005,0.453603
1.1476,0.852,0,0.005,0.452337
1.14984,0.8535,0,0.005,0.451071
1.1521,0.855,0,0.005,0.449798
1.15436,0.8565,0,0.005,0.448526
1.15661,0.858,0,0.005,0.447256
1.15887,0.8595,0,0.005,0.445991
1.16112,0.861,0,0.005,0.444726
1.16336,0.8625,0,0.005,0.443473
1.16559,0.864,0,0.005,0.442224
1.16782,0.8655,0,0.005,0.440977
1.17004,0.867,0,0.005,0.439741
1.17226,0.8685,0,0.005,0.438505
1.17448,0.87,0,0.005,0.437271
1.17671,0.8715,0,0.005,0.436037
1.17893,0.873,0,0.005,0.434803
1.18116,0.8745,0,0.005,0.43357
1.1834,0.876,0,0.005,0.432336
1.18563,0.8775,0,0.005,0.431104
1.18786,0.879,0,0.005,0.429878
1.19009,0.8805,0,0.005,0.428652
1.19231,0.882,0,0.005,0.427432
1.19453,0.8835,0,0.005,0.42622
1.19674,0.885,0,0.005,0.425008
1.19894,0.8865,0,0.005,0.423807
1.20113,0.888,0,0.005,0.422611
1.20333,0.8895,0,0.005,0.421414
1.20551,0.891,0,0.005,0.420227
1.2077,0.8925,0,0.005,0.419039
1.20989,0.894,0,0.005,0.417853
1.21207,0.8955,0,0.005,0.41667
1.21426,0.897,0,0.005,0.415488
1.21644,0.8985,0,0.005,0.414309
1.21862,0.9,0,0.005,0.413133
1.22081,0.9015,0,0.005,0.411957
1.22298,0.903,0,0.005,0.41079
1.22514,0.9045,0,0.005,0.409628
1.22731,0.906,0,0.005,0.408465
1.22945,0.9075,0,0.005,0.407318
1.23159,0.909,0,0.005,0.406173
1.23373,0.9105,0,0.005,0.405029
1.23586,0.912,0,0.005,0.403897
1.23798,0.9135,0,0.005,0.402765
1.2401,0.915,0,0.005,0.401636
1.24221,0.9165,0,0.005,0.400512
1.24433,0.918,0,0.005,0.399388
1.24644,0.9195,0,0.005,0.398268
1.24855,0.921,0,0.005,0.397151
1.25065,0.9225,0,0.005,0.396034
1.25274,0.924,0,0.005,0.394927
1.25483,0.9255,0,0.005,0.393826
1.25691,0.927,0,0.005,0.392724
1.25895,0.9285,0,0.005,0.391644
1.26099,0.93,0,0.005,0.390568
1.26302,0.9315,0,0.005,0.389493
1.265,0.933,0,0.005,0.388447
1.26697,0.9345,0,0.005,0.387402
1.26895,0.936,0,0.005,0.38636
1.27086,0.9375,0,0.005,0.385345
1.27278,0.939,0,0.005,0.38433
1.27469,0.9405,0,0.005,0.38332
1.27655,0.942,0,0.005,0.382332
1.2784,0.9435,0,0.005,0.381344
1.28025,0.945,0,0.005,0.380364
1.28205,0.9465,0,0.005,0.379404
1.28385,0.948,0,0.005,0.378444
1.28562,0.9495,0,0.005,0.377495
1.28735,0.951,0,0.005,0.376567
1.28908,0.9525,0,0.005,0.375639
1.29077,0.954,0,0.005,0.374727
1.29241,0.9555,0,0.005,0.373837
1.29405,0.957,0,0.005,0.372948
1.29564,0.9585,0,0.005,0.372079
1.29718,0.96,0,0.005,0.371233
1.29872,0.9615,0,0.005,0.370386
1.3002,0.963,0,0.005,0.369563
1.30164,0.9645,0,0.005,0.368761
1.30307,0.966,0,0.005,0.367958
1.30444,0.9675,0,0.005,0.367181
1.30577,0.969,0,0.005,0.366424
1.30709,0.9705,0,0.005,0.365666
1.30836,0.972,0,0.005,0.36493
1.30959,0.9735,0,0.005,0.364208
1.31082,0.975,0,0.005,0.363487
1.31198,0.9765,0,0.005,0.362793
1.31309,0.978,0,0.005,0.36212
1.3142,0.9795,0,0.005,0.361447
1.31523,0.981,0,0.005,0.360805
1.31621,0.9825,0,0.005,0.360186
1.31718,0.984,0,0.005,0.359567
1.31809,0.9855,0,0.005,0.358972
1.31893,0.987,0,0.005,0.358398
1.31978,0.9885,0,0.005,0.357823
1.32055,0.99,0,0.005,0.357278
1.32124,0.9915,0,0.005,0.356762
1.32193,0.993,0,0.005,0.356246
1.32253,0.9945,0,0.005,0.35576
1.32303,0.996,0,0.005,0.355311
1.32354,0.9975,0,0.005,0.354862
1.32395,0.999,0,0.005,0.354444
1.32424,1.0005,0,0.005,0.354073
1.32452,1.002,0,0.005,0.353703
1.32472,1.0035,0,0.005,0.353361
1.32474,1.005,0,0.005,0.353084
1.32477,1.0065,0,0.005,0.352806
1.32473,1.008,0,0.005,0.352551
1.32445,1.0095,0,0.005,0.352382
1.32417,1.011,0,0.005,0.352212
1.32386,1.0125,0,0.005,0.352054
1.32325,1.014,0,0.005,0.352003
1.32264,1.0155,0,0.005,0.351952
1.32202,1.017,0,0.005,0.351901
1.32106,1.0185,0,0.005,0.351975
1.32009,1.02,0,0.005,0.352053
1.31911,1.0215,0,0.005,0.352131
1.31783,1.023,0,0.005,0.352321
1.31648,1.0245,0,0.005,0.352534
1.31513,1.026,0,0.005,0.352747
1.31352,1.0275,0,0.005,0.353051
1.3118,1.029,0,0.005,0.3534
1.31008,1.0305,0,0.005,0.353749
1.30818,1.032,0,0.005,0.354163
1.30611,1.0335,0,0.005,0.354641
1.30403,1.035,0,0.005,0.355118
1.30187,1.0365,0,0.005,0.355631
1.29951,1.038,0,0.005,0.35622
1.29715,1.0395,0,0.005,0.356809
1.29476,1.041,0,0.005,0.357407
1.29219,1.0425,0,0.005,0.358078
1.28962,1.044,0,0.005,0.358749
1.28705,1.0455,0,0.005,0.35942
1.28439,1.047,0,0.005,0.360132
1.28172,1.0485,0,0.005,0.360848
1.27905,1.05,0,0.005,0.361563
1.27639,1.0515,0,0.005,0.362279
1.27373,1.053,0,0.005,0.362996
1.27108,1.0545,0,0.005,0.363712
1.26848,1.056,0,0.005,0.364409
1.26596,1.0575,0,0.005,0.365081
1.26343,1.059,0,0.005,0.365753
1.26095,1.0605,0,0.005,0.366409
1.25866,1.062,0,0.005,0.366994
1.25637,1.0635,0,0.005,0.367579
1.25408,1.065,0,0.005,0.368163
1.25207,1.0665,0,0.005,0.368637
1.2501,1.068,0,0.005,0.369099
1.24812,1.0695,0,0.005,0.36956
1.24638,1.071,0,0.005,0.369931
1.24478,1.0725,0,0.005,0.370245
1.24318,1.074,0,0.005,0.370558
1.2417,1.0755,0,0.005,0.370823
1.2405,1.077,0,0.005,0.370976
1.23929,1.0785,0,0.005,0.37113
1.23809,1.08,0,0.005,0.371284
1.23728,1.0815,0,0.005,0.371282
1.23647,1.083,0,0.005,0.371278
1.23566,1.0845,0,0.005,0.371274
1.23509,1.086,0,0.005,0.371176
1.23464,1.0875,0,0.005,0.371026
1.23419,1.089,0,0.005,0.370876
1.23384,1.0905,0,0.005,0.370689
1.23371,1.092,0,0.005,0.370413
1.23359,1.0935,0,0.005,0.370136
1.23346,1.095,0,0.005,0.36986
1.23358,1.0965,0,0.005,0.369487
1.23372,1.098,0,0.005,0.369107
1.23386,1.0995,0,0.005,0.368728
1.23412,1.101,0,0.005,0.368303
1.23448,1.1025,0,0.005,0.367842
1.23484,1.104,0,0.005,0.367381
1.23522,1.1055,0,0.005,0.366911
1.23575,1.107,0,0.005,0.366389
1.23628,1.1085,0,0.005,0.365866
1.23681,1.11,0,0.005,0.365344
1.23743,1.1115,0,0.005,0.364789
1.23809,1.113,0,0.005,0.364222
1.23875,1.1145,0,0.005,0.363656
1.23944,1.116,0,0.005,0.363079
1.2402,1.1175,0,0.005,0.362481
1.24096,1.119,0,0.005,0.361884
1.24172,1.1205,0,0.005,0.361286
1.24255,1.122,0,0.005,0.360669
1.24339,1.1235,0,0.005,0.360049
1.24423,1.125,0,0.005,0.359429
1.24509,1.1265,0,0.005,0.358803
1.24599,1.128,0,0.005,0.358167
1.2469,1.1295,0,0.005,0.357532
1.2478,1.131,0,0.005,0.356897
1.24874,1.1325,0,0.005,0.356251
1.2497,1.134,0,0.005,0.355604
1.25065,1.1355,0,0.005,0.354957
1.25162,1.137,0,0.005,0.354307
1.25261,1.1385,0,0.005,0.353653
1.2536,1.14,0,0.005,0.352998
1.25459,1.1415,0,0.005,0.352344
1.25562,1.143,0,0.005,0.351685
1.25664,1.1445,0,0.005,0.351027
1.25766,1.146,0,0.005,0.350368
1.25869,1.1475,0,0.005,0.349709
1.25974,1.149,0,0.005,0.349049
1.26078,1.1505,0,0.005,0.34839
1.26183,1.152,0,0.005,0.34773
1.26289,1.1535,0,0.005,0.347071
1.26395,1.155,0,0.005,0.346411
1.26502,1.1565,0,0.005,0.345752
1.26608,1.158,0,0.005,0.345093
1.26716,1.1595,0,0.005,0.344435
1.26824,1.161,0,0.005,0.343776
1.26932,1.1625,0,0.005,0.343118
1.27041,1.164,0,0.005,0.34246
1.2715,1.1655,0,0.005,0.341802
1.27259,1.167,0,0.005,0.341144
1.27368,1.1685,0,0.005,0.340487
1.27479,1.17,0,0.005,0.339831
1.27589,1.1715,0,0.005,0.339175
1.27699,1.173,0,0.005,0.33852
1.27809,1.1745,0,0.005,0.337866
1.2792,1.176,0,0.005,0.337215
1.28031,1.1775,0,0.005,0.336563
1.28141,1.179,0,0.005,0.335912
1.28252,1.1805,0,0.005,0.335266
1.28362,1.182,0,0.005,0.334622
1.28473,1.1835,0,0.005,0.333977
1.28583,1.185,0,0.005,0.333334
1.28692,1.1865,0,0.005,0.332699
1.28802,1.188,0,0.005,0.332064
1.28911,1.1895,0,0.005,0.331429
1.29019,1.191,0,0.005,0.330801
1.29127,1.1925,0,0.005,0.330178
1.29235,1.194,0,0.005,0.329555
1.29343,1.1955,0,0.005,0.328931
1.29449,1.197,0,0.005,0.32832
1.29555,1.1985,0,0.005,0.327709
1.29662,1.2,0,0.005,0.327099
1.29767,1.2015,0,0.005,0.326491
1.29872,1.203,0,0.005,0.325894
1.29976,1.2045,0,0.005,0.325296
1.30081,1.206,0,0.005,0.324699
1.30184,1.2075,0,0.005,0.324108
1.30286,1.209,0,0.005,0.323523
1.30389,1.2105,0,0.005,0.322939
1.30491,1.212,0,0.005,0.322354
1.30592,1.2135,0,0.005,0.32178
1.30692,1.215,0,0.005,0.32121
1.30793,1.2165,0,0.005,0.32064
1.30893,1.218,0,0.005,0.32007
1.30991,1.2195,0,0.005,0.319515
1.31089,1.221,0,0.005,0.318959
1.31187,1.2225,0,0.005,0.318404
1.31285,1.224,0,0.005,0.317853
1.3138,1.2255,0,0.005,0.317314
1.31475,1.227,0,0.005,0.316774
1.31571,1.2285,0,0.005,0.316235
1.31665,1.23,0,0.005,0.315703
1.31757,1.2315,0,0.005,0.31518
1.3185,1.233,0,0.005,0.314657
1.31943,1.2345,0,0.005,0.314133
1.32033,1.236,0,0.005,0.313619
1.32124,1.2375,0,0.005,0.31311
1.32214,1.239,0,0.005,0.312602
1.32304,1.2405,0,0.005,0.312093
1.32392,1.242,0,0.005,0.311596
1.3248,1.2435,0,0.005,0.311101
1.32568,1.245,0,0.005,0.310606
1.32656,1.2465,0,0.005,0.310111
1.32742,1.248,0,0.005,0.309629
1.32828,1.2495,0,0.005,0.309147
1.32914,1.251,0,0.005,0.308665
1.32999,1.2525,0,0.005,0.308185
1.33084,1.254,0,0.005,0.307715
1.33168,1.2555,0,0.005,0.307246
1.33252,1.257,0,0.005,0.306776
1.33335,1.2585,0,0.005,0.30631
1.33417,1.26,0,0.005,0.305852
1.33499,1.2615,0,0.005,0.305394
1.33581,1.263,0,0.005,0.304936
1.33663,1.2645,0,0.005,0.304483
1.33743,1.266,0,0.005,0.304036
1.33823,1.2675,0,0.005,0.30359
1.33903,1.269,0,0.005,0.303144
1.33982,1.2705,0,0.005,0.302704
1.3406,1.272,0,0.005,0.302271
1.34138,1.2735,0,0.005,0.301837
1.34216,1.275,0,0.005,0.301404
1.34292,1.2765,0,0.005,0.300977
1.34368,1.278,0,0.005,0.300556
1.34444,1.2795,0,0.005,0.300135
1.3452,1.281,0,0.005,0.299714
1.34594,1.2825,0,0.005,0.299301
1.34668,1.284,0,0.005,0.298893
1.34741,1.2855,0,0.005,0.298485
1.34815,1.287,0,0.005,0.298076
1.34887,1.2885,0,0.005,0.297677
1.34959,1.29,0,0.005,0.297281
1.3503,1.2915,0,0.005,0.296886
1.35101,1.293,0,0.005,0.29649
1.35171,1.2945,0,0.005,0.296103
1.35241,1.296,0,0.005,0.295719
1.3531,1.2975,0,0.005,0.295335
1.3538,1.299,0,0.005,0.294951
1.35448,1.3005,0,0.005,0.294575
1.35515,1.302,0,0.005,0.294203
1.35583,1.3035,0,0.005,0.293832
1.3565,1.305,0,0.005,0.29346
1.35716,1.3065,0,0.005,0.293097
1.35781,1.308,0,0.005,0.292738
1.35847,1.3095,0,0.005,0.292379
1.35912,1.311,0,0.005,0.292021
1.35975,1.3125,0,0.005,0.29167
1.36038,1.314,0,0.005,0.291324
1.36101,1.3155,0,0.005,0.290978
1.36164,1.317,0,0.005,0.290632
1.36226,1.3185,0,0.005,0.290293
1.36286,1.32,0,0.005,0.289961
1.36347,1.3215,0,0.005,0.289628
1.36408,1.323,0,0.005,0.289295
1.36467,1.3245,0,0.005,0.288968
1.36526,1.326,0,0.005,0.288647
1.36585,1.3275,0,0.005,0.288325
1.36644,1.329,0,0.005,0.288004
1.36701,1.3305,0,0.005,0.287687
1.36758,1.332,0,0.005,0.287377
1.36815,1.3335,0,0.005,0.287067
1.36871,1.335,0,0.005,0.286757
1.36927,1.3365,0,0.005,0.286452
1.36982,1.338,0,0.005,0.286155
1.37036,1.3395,0,0.005,0.285859
1.3709,1.341,0,0.005,0.285563
1.37144,1.3425,0,0.005,0.285269
1.37196,1.344,0,0.005,0.284985
1.37247,1.3455,0,0.005,0.284702
1.37299,1.347,0,0.005,0.284418
1.37351,1.3485,0,0.005,0.284134
1.374,1.35,0,0.005,0.283864
1.3745,1.3515,0,0.005,0.283594
1.37499,1.353,0,0.005,0.283324
1.37548,1.3545,0,0.005,0.283054
1.37596,1.356,0,0.005,0.282795
1.37643,1.3575,0,0.005,0.282537
1.3769,1.359,0,0.005,0.28228
1.37737,1.3605,0,0.005,0.282023
1.37783,1.362,0,0.005,0.281773
1.37828,1.3635,0,0.005,0.281527
1.37873,1.365,0,0.005,0.28128
1.37918,1.3665,0,0.005,0.281034
1.37962,1.368,0,0.005,0.280795
1.38004,1.3695,0,0.005,0.280563
1.38046,1.371,0,0.005,0.280332
1.38088,1.3725,0,0.005,0.280101
1.38129,1.374,0,0.005,0.279873
1.38168,1.3755,0,0.005,0.279658
1.38206,1.377,0,0.005,0.279442
1.38245,1.3785,0,0.005,0.279227
1.38284,1.38,0,0.005,0.279011
1.3832,1.3815,0,0.005,0.278807
1.38357,1.383,0,0.005,0.278604
1.38393,1.3845,0,0.005,0.278401
1.3843,1.386,0,0.005,0.278197
1.38464,1.3875,0,0.005,0.278003
1.38498,1.389,0,0.005,0.277813
1.38532,1.3905,0,0.005,0.277623
1.38566,1.392,0,0.005,0.277433
1.38599,1.3935,0,0.005,0.277248
1.3863,1.395,0,0.005,0.277071
1.38662,1.3965,0,0.005,0.276894
1.38693,1.398,0,0.005,0.276717
1.38725,1.3995,0,0.005,0.276541
1.38755,1.401,0,0.005,0.276371
1.38786,1.4025,0,0.005,0.276202
1.38816,1.404,0,0.005,0.276032
1.38847,1.4055,0,0.005,0.275863
1.38875,1.407,0,0.005,0.275703
1.38903,1.4085,0,0.005,0.275546
1.3893,1.41,0,0.005,0.275389
1.38958,1.4115,0,0.005,0.275232
1.38985,1.413,0,0.005,0.27508
1.3901,1.4145,0,0.005,0.274937
1.39034,1.416,0,0.005,0.274794
1.39059,1.4175,0,0.005,0.27465
1.39084,1.419,0,0.005,0.274508
1.39106,1.4205,0,0.005,0.274377
1.39129,1.422,0,0.005,0.274247
1.39151,1.4235,0,0.005,0.274116
1.39173,1.425,0,0.005,0.273986
1.39193,1.4265,0,0.005,0.273866
1.39212,1.428,0,0.005,0.273751
1.39231,1.4295,0,0.005,0.273636
1.3925,1.431,0,0.005,0.27352
1.39268,1.4325,0,0.005,0.273409
1.39284,1.434,0,0.005,0.27331
1.393,1.4355,0,0.005,0.273211
1.39316,1.437,0,0.005,0.273111
1.39332,1.4385,0,0.005,0.273012
1.39347,1.44,0,0.005,0.27292
1.39361,1.4415,0,0.005,0.272829
1.39375,1.443,0,0.005,0.272738
1.3939,1.4445,0,0.005,0.272647
1.39404,1.446,0,0.005,0.272561
1.39417,1.4475,0,0.005,0.272483
1.3943,1.449,0,0.005,0.272405
1.39443,1.4505,0,0.005,0.272327
1.39456,1.452,0,0.005,0.272249
1.39467,1.4535,0,0.005,0.272185
1.39478,1.455,0,0.005,0.272122
1.39489,1.4565,0,0.005,0.272059
1.395,1.458,0,0.005,0.271996
1.3951,1.4595,0,0.005,0.271937
1.39519,1.461,0,0.005,0.271883
1.39529,1.4625,0,0.005,0.271829
1.39538,1.464,0,0.005,0.271776
1.39547,1.4655,0,0.005,0.271722
1.39555,1.467,0,0.005,0.271674
1.39563,1.4685,0,0.005,0.271627
1.39571,1.47,0,0.005,0.27158
1.39579,1.4715,0,0.005,0.271533
1.39585,1.473,0,0.005,0.271492
1.39589,1.4745,0,0.005,0.271465
1.39593,1.476,0,0.005,0.271437
1.39596,1.4775,0,0.005,0.27141
1.396,1.479,0,0.005,0.271382
1.396,1.4805,0,0.005,0.271368
1.396,1.482,0,0.005,0.271358
1.39599,1.4835,0,0.005,0.271347
1.39598,1.485,0,0.005,0.271336
1.39597,1.4865,0,0.005,0.271329
1.39592,1.488,0,0.005,0.271336
1.39588,1.4895,0,0.005,0.271343
1.39583,1.491,0,0.005,0.271351
1.39578,1.4925,0,0.005,0.271358
1.39574,1.494,0,0.005,0.27137
1.39569,1.4955,0,0.005,0.271384
1.39564,1.497,0,0.005,0.271399
1.3956,1.4985,0,0.005,0.271414
1.39555,1.5,0,0.005,0.271428
