J,Knudsen_droplet,N,Points_0,Points_1,Points_2,S_sat,Y,drdt,r_droplet_actual
0,0,0,0,0,0.005,1.82061,0,0,0
0,0,0,0.0015,0,0.005,1.82095,0,0,0
0,0,0,0.003,0,0.005,1.82129,0,0,0
0,0,0,0.0045,0,0.005,1.82163,0,0,0
0,0,0,0.006,0,0.005,1.82197,0,0,0
0,0,0,0.0075,0,0.005,1.82234,0,0,0
0,0,0,0.009,0,0.005,1.82277,0,0,0
0,0,0,0.0105,0,0.005,1.82319,0,0,0
0,0,0,0.012,0,0.005,1.82361,0,0,0
0,0,0,0.0135,0,0.005,1.82404,0,0,0
0,0,0,0.015,0,0.005,1.82422,0,0,0
0,0,0,0.0165,0,0.005,1.82433,0,0,0
0,0,0,0.018,0,0.005,1.82445,0,0,0
0,0,0,0.0195,0,0.005,1.82456,0,0,0
0,0,0,0.021,0,0.005,1.82466,0,0,0
0,0,0,0.0225,0,0.005,1.8247,0,0,0
0,0,0,0.024,0,0.005,1.82473,0,0,0
0,0,0,0.0255,0,0.005,1.82477,0,0,0
0,0,0,0.027,0,0.005,1.82481,0,0,0
0,0,0,0.0285,0,0.005,1.82482,0,0,0
0,0,0,0.03,0,0.005,1.82482,0,0,0
0,0,0,0.0315,0,0.005,1.82482,0,0,0
0,0,0,0.033,0,0.005,1.82482,0,0,0
0,0,0,0.0345,0,0.005,1.82481,0,0,0
0,0,0,0.036,0,0.005,1.82481,0,0,0
0,0,0,0.0375,0,0.005,1.8248,0,0,0
0,0,0,0.039,0,0.005,1.82479,0,0,0
0,0,0,0.0405,0,0.005,1.82478,0,0,0
0,0,0,0.042,0,0.005,1.82479,0,0,0
0,0,0,0.0435,0,0.005,1.82481,0,0,0
0,0,0,0.045,0,0.005,1.82483,0,0,0
0,0,0,0.0465,0,0.005,1.82485,0,0,0
0,0,0,0.048,0,0.005,1.82488,0,0,0
0,0,0,0.0495,0,0.005,1.82497,0,0,0
0,0,0,0.051,0,0.005,1.82506,0,0,0
0,0,0,0.0525,0,0.005,1.82515,0,0,0
0,0,0,0.054,0,0.005,1.82524,0,0,0
0,0,0,0.0555,0,0.005,1.82541,0,0,0
0,0,0,0.057,0,0.005,1.82562,0,0,0
0,0,0,0.0585,0,0.005,1.82583,0,0,0
0,0,0,0.06,0,0.005,1.82604,0,0,0
0,0,0,0.0615,0,0.005,1.82627,0,0,0
0,0,0,0.063,0,0.005,1.82665,0,0,0
0,0,0,0.0645,0,0.005,1.82702,0,0,0
0,0,0,0.066,0,0.005,1.82739,0,0,0
0,0,0,0.0675,0,0.005,1.82776,0,0,0
0,0,0,0.069,0,0.005,1.82828,0,0,0
0,0,0,0.0705,0,0.005,1.82885,0,0,0
0,0,0,0.072,0,0.005,1.82941,0,0,0
0,0,0,0.0735,0,0.005,1.82998,0,0,0
0,0,0,0.075,0,0.005,1.83062,0,0,0
0,0,0,0.0765,0,0.005,1.83141,0,0,0
0,0,0,0.078,0,0.005,1.83219,0,0,0
0,0,0,0.0795,0,0.005,1.83297,0,0,0
0,0,0,0.081,0,0.005,1.83376,0,0,0
0,0,0,0.0825,0,0.005,1.83476,0,0,0
0,0,0,0.084,0,0.005,1.83577,0,0,0
0,0,0,0.0855,0,0.005,1.83678,0,0,0
0,0,0,0.087,0,0.005,1.83779,0,0,0
0,0,0,0.0885,0,0.005,1.83892,0,0,0
0,0,0,0.09,0,0.005,1.84015,0,0,0
0,0,0,0.0915,0,0.005,1.84139,0,0,0
0,0,0,0.093,0,0.005,1.84262,0,0,0
0,0,0,0.0945,0,0.005,1.8439,0,0,0
0,0,0,0.096,0,0.005,1.84534,0,0,0
0,0,0,0.0975,0,0.005,1.84678,0,0,0
0,0,0,0.099,0,0.005,1.84822,0,0,0
0,0,0,0.1005,0,0.005,1.84966,0,0,0
0,0,0,0.102,0,0.005,1.85129,0,0,0
0,0,0,0.1035,0,0.005,1.85293,0,0,0
0,0,0,0.105,0,0.005,1.85457,0,0,0
0,0,0,0.1065,0,0.005,1.8562,0,0,0
0,0,0,0.108,0,0.005,1.85795,0,0,0
0,0,0,0.1095,0,0.005,1.85978,0,0,0
0,0,0,0.111,0,0.005,1.8616,0,0,0
0,0,0,0.1125,0,0.005,1.86342,0,0,0
0,0,0,0.114,0,0.005,1.86529,0,0,0
0,0,0,0.1155,0,0.005,1.86727,0,0,0
0,0,0,0.117,0,0.005,1.86926,0,0,0
0,0,0,0.1185,0,0.005,1.87124,0,0,0
0,0,0,0.12,0,0.005,1.87323,0,0,0
0,0,0,0.1215,0,0.005,1.87536,0,0,0
0,0,0,0.123,0,0.005,1.87749,0,0,0
0,0,0,0.1245,0,0.005,1.87961,0,0,0
0,0,0,0.126,0,0.005,1.88174,0,0,0
0,0,0,0.1275,0,0.005,1.88396,0,0,0
0,0,0,0.129,0,0.005,1.88621,0,0,0
0,0,0,0.1305,0,0.005,1.88846,0,0,0
0,0,0,0.132,0,0.005,1.89071,0,0,0
0,0,0,0.1335,0,0.005,1.89301,0,0,0
0,0,0,0.135,0,0.005,1.89536,0,0,0
0,0,0,0.1365,0,0.005,1.89771,0,0,0
0,0,0,0.138,0,0.005,1.90006,0,0,0
0,0,0,0.1395,0,0.005,1.90243,0,0,0
0,0,0,0.141,0,0.005,1.90486,0,0,0
0,0,0,0.1425,0,0.005,1.90729,0,0,0
0,0,0,0.144,0,0.005,1.90972,0,0,0
0,0,0,0.1455,0,0.005,1.91216,0,0,0
0,0,0,0.147,0,0.005,1.91464,0,0,0
0,0,0,0.1485,0,0.005,1.91713,0,0,0
0,0,0,0.15,0,0.005,1.91961,0,0,0
0,0,0,0.1515,0,0.005,1.92209,0,0,0
0,0,0,0.153,0,0.005,1.92461,0,0,0
0,0,0,0.1545,0,0.005,1.92713,0,0,0
0,0,0,0.156,0,0.005,1.92964,0,0,0
0,0,0,0.1575,0,0.005,1.93216,0,0,0
0,0,0,0.159,0,0.005,1.93468,0,0,0
0,0,0,0.1605,0,0.005,1.93721,0,0,0
0,0,0,0.162,0,0.005,1.93974,0,0,0
0,0,0,0.1635,0,0.005,1.94226,0,0,0
0,0,0,0.165,0,0.005,1.94479,0,0,0
0,0,0,0.1665,0,0.005,1.94731,0,0,0
0,0,0,0.168,0,0.005,1.94983,0,0,0
0,0,0,0.1695,0,0.005,1.95235,0,0,0
0,0,0,0.171,0,0.005,1.95486,0,0,0
0,0,0,0.1725,0,0.005,1.95736,0,0,0
0,0,0,0.174,0,0.005,1.95986,0,0,0
0,0,0,0.1755,0,0.005,1.96237,0,0,0
0,0,0,0.177,0,0.005,1.96486,0,0,0
0,0,0,0.1785,0,0.005,1.96733,0,0,0
0,0,0,0.18,0,0.005,1.96981,0,0,0
0,0,0,0.1815,0,0.005,1.97229,0,0,0
0,0,0,0.183,0,0.005,1.97475,0,0,0
0,0,0,0.1845,0,0.005,1.97721,0,0,0
0,0,0,0.186,0,0.005,1.97966,0,0,0
0,0,0,0.1875,0,0.005,1.98211,0,0,0
0,0,0,0.189,0,0.005,1.98455,0,0,0
0,0,0,0.1905,0,0.005,1.98698,0,0,0
0,0,0,0.192,0,0.005,1.9894,0,0,0
0,0,0,0.1935,0,0.005,1.99183,0,0,0
0,0,0,0.195,0,0.005,1.99426,0,0,0
0,0,0,0.1965,0,0.005,1.99667,0,0,0
0,0,0,0.198,0,0.005,1.99908,0,0,0
0,0,0,0.1995,0,0.005,2.0015,0,0,0
0,0,0,0.201,0,0.005,2.00391,0,0,0
0,0,0,0.2025,0,0.005,2.00632,0,0,0
0,0,0,0.204,0,0.005,2.00873,0,0,0
0,0,0,0.2055,0,0.005,2.01115,0,0,0
0,0,0,0.207,0,0.005,2.01356,0,0,0
0,0,0,0.2085,0,0.005,2.01599,0,0,0
0,0,0,0.21,0,0.005,2.01842,0,0,0
0,0,0,0.2115,0,0.005,2.02084,0,0,0
0,0,0,0.213,0,0.005,2.02328,0,0,0
0,0,0,0.2145,0,0.005,2.02575,0,0,0
0,0,0,0.216,0,0.005,2.02821,0,0,0
0,0,0,0.2175,0,0.005,2.03068,0,0,0
0,0,0,0.219,0,0.005,2.03317,0,0,0
0,0,0,0.2205,0,0.005,2.0357,0,0,0
0,0,0,0.222,0,0.005,2.03823,0,0,0
0,0,0,0.2235,0,0.005,2.04077,0,0,0
0,0,0,0.225,0,0.005,2.04334,0,0,0
0,0,0,0.2265,0,0.005,2.04597,0,0,0
0,0,0,0.228,0,0.005,2.04859,0,0,0
0,0,0,0.2295,0,0.005,2.05122,0,0,0
0,0,0,0.231,0,0.005,2.05391,0,0,0
0,0,0,0.2325,0,0.005,2.05666,0,0,0
0,0,0,0.234,0,0.005,2.05941,0,0,0
0,0,0,0.2355,0,0.005,2.06216,0,0,0
0,0,0,0.237,0,0.005,2.06501,0,0,0
0,0,0,0.2385,0,0.005,2.06791,0,0,0
0,0,0,0.24,0,0.005,2.07081,0,0,0
0,0,0,0.2415,0,0.005,2.07371,0,0,0
0,0,0,0.243,0,0.005,2.07674,0,0,0
0,0,0,0.2445,0,0.005,2.07983,0,0,0
0,0,0,0.246,0,0.005,2.08291,0,0,0
0,0,0,0.2475,0,0.005,2.08599,0,0,0
0,0,0,0.249,0,0.005,2.08923,0,0,0
0,0,0,0.2505,0,0.005,2.09251,0,0,0
0,0,0,0.252,0,0.005,2.09579,0,0,0
0,0,0,0.2535,0,0.005,2.09907,0,0,0
0,0,0,0.255,0,0.005,2.10256,0,0,0
0,0,0,0.2565,0,0.005,2.10606,0,0,0
0,0,0,0.258,0,0.005,2.10955,0,0,0
0,0,0,0.2595,0,0.005,2.11308,0,0,0
0,0,0,0.261,0,0.005,2.1168,0,0,0
0,0,0,0.2625,0,0.005,2.12052,0,0,0
0,0,0,0.264,0,0.005,2.12424,0,0,0
0,0,0,0.2655,0,0.005,2.12805,0,0,0
0,0,0,0.267,0,0.005,2.13201,0,0,0
0,0,0,0.2685,0,0.005,2.13596,0,0,0
0,0,0,0.27,0,0.005,2.13992,0,0,0
0,0,0,0.2715,0,0.005,2.14401,0,0,0
0,0,0,0.273,0,0.005,2.14822,0,0,0
0,0,0,0.2745,0,0.005,2.15242,0,0,0
0,0,0,0.276,0,0.005,2.15662,0,0,0
0,0,0,0.2775,0,0.005,2.16101,0,0,0
0,0,0,0.279,0,0.005,2.16545,0,0,0
0,0,0,0.2805,0,0.005,2.1699,0,0,0
0,0,0,0.282,0,0.005,2.17435,0,0,0
0,0,0,0.2835,0,0.005,2.17904,0,0,0
0,0,0,0.285,0,0.005,2.18374,0,0,0
0,0,0,0.2865,0,0.005,2.18843,0,0,0
0,0,0,0.288,0,0.005,2.19319,0,0,0
0,0,0,0.2895,0,0.005,2.19813,0,0,0
0,0,0,0.291,0,0.005,2.20307,0,0,0
0,0,0,0.2925,0,0.005,2.20801,0,0,0
0,0,0,0.294,0,0.005,2.21308,0,0,0
0,0,0,0.2955,0,0.005,2.21827,0,0,0
0,0,0,0.297,0,0.005,2.22346,0,0,0
0,0,0,0.2985,0,0.005,2.22865,0,0,0
0,0,0,0.3,0,0.005,2.23403,0,0,0
0,0,0,0.3015,0,0.005,2.23946,0,0,0
0,0,0,0.303,0,0.005,2.24489,0,0,0
0,0,0,0.3045,0,0.005,2.25034,0,0,0
0,0,0,0.306,0,0.005,2.256,0,0,0
0,0,0,0.3075,0,0.005,2.26167,0,0,0
0,0,0,0.309,0,0.005,2.26733,0,0,0
0,0,0,0.3105,0,0.005,2.2731,0,0,0
0,0,0,0.312,0,0.005,2.279,0,0,0
0,0,0,0.3135,0,0.005,2.28489,0,0,0
0,0,0,0.315,0,0.005,2.29079,0,0,0
0,0,0,0.3165,0,0.005,2.29686,0,0,0
0,0,0,0.318,0,0.005,2.30299,0,0,0
0,0,0,0.3195,0,0.005,2.30911,0,0,0
0,0,0,0.321,0,0.005,2.31526,0,0,0
0,0,0,0.3225,0,0.005,2.32161,0,0,0
0,0,0,0.324,0,0.005,2.32795,0,0,0
0,0,0,0.3255,0,0.005,2.3343,0,0,0
0,0,0,0.327,0,0.005,2.34075,0,0,0
0,0,0,0.3285,0,0.005,2.34732,0,0,0
0,0,0,0.33,0,0.005,2.35388,0,0,0
0,0,0,0.3315,0,0.005,2.36044,0,0,0
0,0,0,0.333,0,0.005,2.3672,0,0,0
0,0,0,0.3345,0,0.005,2.37397,0,0,0
0,0,0,0.336,0,0.005,2.38075,0,0,0
0,0,0,0.3375,0,0.005,2.38759,0,0,0
0,0,0,0.339,0,0.005,2.39458,0,0,0
0,0,0,0.3405,0,0.005,2.40156,0,0,0
0,0,0,0.342,0,0.005,2.40855,0,0,0
0,0,0,0.3435,0,0.005,2.41569,0,0,0
0,0,0,0.345,0,0.005,2.4229,0,0,0
0,0,0,0.3465,0,0.005,2.4301,0,0,0
0,0,0,0.348,0,0.005,2.43734,0,0,0
0,0,0,0.3495,0,0.005,2.44475,0,0,0
0,0,0,0.351,0,0.005,2.45217,0,0,0
0,0,0,0.3525,0,0.005,2.45958,0,0,0
0,0,0,0.354,0,0.005,2.46713,0,0,0
0,0,0,0.3555,0,0.005,2.47476,0,0,0
0,0,0,0.357,0,0.005,2.48238,0,0,0
0,0,0,0.3585,0,0.005,2.49003,0,0,0
0,0,0,0.36,0,0.005,2.49788,0,0,0
0,0,0,0.3615,0,0.005,2.50573,0,0,0
0,0,0,0.363,0,0.005,2.51357,0,0,0
0,0,0,0.3645,0,0.005,2.52155,0,0,0
0,0,0,0.366,0,0.005,2.52962,0,0,0
0,0,0,0.3675,0,0.005,2.5377,0,0,0
0,0,0,0.369,0,0.005,2.54579,0,0,0
0,0,0,0.3705,0,0.005,2.5541,0,0,0
0,0,0,0.372,0,0.005,2.56241,0,0,0
0,0,0,0.3735,0,0.005,2.57071,0,0,0
0,0,0,0.375,0,0.005,2.57917,0,0,0
0,0,0,0.3765,0,0.005,2.58772,0,0,0
0,0,0,0.378,0,0.005,2.59627,0,0,0
0,0,0,0.3795,0,0.005,2.60485,0,0,0
0,0,0,0.381,0,0.005,2.61366,0,0,0
0,0,0,0.3825,0,0.005,2.62246,0,0,0
0,0,0,0.384,0,0.005,2.63127,0,0,0
0,0,0,0.3855,0,0.005,2.64026,0,0,0
0,0,0,0.387,0,0.005,2.64934,0,0,0
0,0,0,0.3885,0,0.005,2.65841,0,0,0
0,0,0,0.39,0,0.005,2.66756,0,0,0
0,0,0,0.3915,0,0.005,2.67691,0,0,0
0,0,0,0.393,0,0.005,2.68627,0,0,0
0,0,0,0.3945,0,0.005,2.69563,0,0,0
0,0,0,0.396,0,0.005,2.70524,0,0,0
0,0,0,0.3975,0,0.005,2.71489,0,0,0
0,0,0,0.399,0,0.005,2.72454,0,0,0
0,0,0,0.4005,0,0.005,2.73434,0,0,0
0,0,0,0.402,0,0.005,2.7443,0,0,0
0,0,0,0.4035,0,0.005,2.75427,0,0,0
0,0,0,0.405,0,0.005,2.76426,0,0,0
0,0,0,0.4065,0,0.005,2.77455,0,0,0
0,0,0,0.408,0,0.005,2.78485,0,0,0
0,0,0,0.4095,0,0.005,2.79515,0,0,0
0,0,0,0.411,0,0.005,2.80569,0,0,0
0,0,0,0.4125,0,0.005,2.81633,0,0,0
0,0,0,0.414,0,0.005,2.82698,0,0,0
0,0,0,0.4155,0,0.005,2.83776,0,0,0
0,0,0,0.417,0,0.005,2.84877,0,0,0
0,0,0,0.4185,0,0.005,2.85978,0,0,0
0,0,0,0.42,0,0.005,2.87079,0,0,0
0,0,0,0.4215,0,0.005,2.88219,0,0,0
0,0,0,0.423,0,0.005,2.8936,0,0,0
0,0,0,0.4245,0,0.005,2.905,0,0,0
0,0,0,0.426,0,0.005,2.91668,0,0,0
0,0,0,0.4275,0,0.005,2.92848,0,0,0
0,0,0,0.429,0,0.005,2.94029,0,0,0
0,0,0,0.4305,0,0.005,2.95226,0,0,0
0,0,0,0.432,0,0.005,2.96449,0,0,0
0,0,0,0.4335,0,0.005,2.97672,0,0,0
0,0,0,0.435,0,0.005,2.989,0,0,0
0,0,0,0.4365,0,0.005,3.00168,0,0,0
0,0,0,0.438,0,0.005,3.01436,0,0,0
0,0,0,0.4395,0,0.005,3.02704,0,0,0
0,0,0,0.441,0,0.005,3.0401,0,0,0
0,0,0,0.4425,0,0.005,3.05325,0,0,0
0,0,0,0.444,0,0.005,3.0664,0,0,0
0,0,0,0.4455,0,0.005,3.07982,0,0,0
0,0,0,0.447,0,0.005,3.09346,0,0,0
0,0,0,0.4485,0,0.005,3.10709,0,0,0
0,0,0,0.45,0,0.005,3.12088,0,0,0
0,0,0,0.4515,0,0.005,3.13502,0,0,0
0,0,0,0.453,0,0.005,3.14916,0,0,0
0,0,0,0.4545,0,0.005,3.16335,0,0,0
0,0,0,0.456,0,0.005,3.17801,0,0,0
0,0,0,0.4575,0,0.005,3.19266,0,0,0
0,0,0,0.459,0,0.005,3.20732,0,0,0
0,0,0,0.4605,0,0.005,3.22245,0,0,0
0,0,0,0.462,0,0.005,3.23765,0,0,0
0,0,0,0.4635,0,0.005,3.25285,0,0,0
0,0,0,0.465,0,0.005,3.26843,0,0,0
0,0,0,0.4665,0,0.005,3.28419,0,0,0
0,0,0,0.468,0,0.005,3.29995,0,0,0
0,0,0,0.4695,0,0.005,3.31599,0,0,0
0,0,0,0.471,0,0.005,3.33233,0,0,0
0,0,0,0.4725,0,0.005,3.34867,0,0,0
0,0,0,0.474,0,0.005,3.3652,0,0,0
0,0,0,0.4755,0,0.005,3.38213,0,0,0
0,0,0,0.477,0,0.005,3.39906,0,0,0
0,0,0,0.4785,0,0.005,3.4161,0,0,0
0,0,0,0.48,0,0.005,3.43364,0,0,0
0,0,0,0.4815,0,0.005,3.45118,0,0,0
0,0,0,0.483,0,0.005,3.46874,0,0,0
0,0,0,0.4845,0,0.005,3.48691,0,0,0
0,0,0,0.486,0,0.005,3.50508,0,0,0
0,0,0,0.4875,0,0.005,3.52325,0,0,0
0,0,0,0.489,0,0.005,3.54201,0,0,0
0,0,0,0.4905,0,0.005,3.56082,0,0,0
0,0,0,0.492,0,0.005,3.57963,0,0,0
0,0,0,0.4935,0,0.005,3.59898,0,0,0
0,0,0,0.495,0,0.005,3.61847,0,0,0
0,0,0,0.4965,0,0.005,3.63795,0,0,0
0,0,0,0.498,0,0.005,3.65791,0,0,0
0,0,0,0.4995,0,0.005,3.67808,0,0,0
0,0,0,0.501,0,0.005,3.69825,0,0,0
0,0,0,0.5025,0,0.005,3.71886,0,0,0
0,0,0,0.504,0,0.005,3.73975,0,0,0
0,0,0,0.5055,0,0.005,3.76064,0,0,0
0,0,0,0.507,0,0.005,3.78192,0,0,0
0,0,0,0.5085,0,0.005,3.80354,0,0,0
0,0,0,0.51,0,0.005,3.82515,0,0,0
0,0,0,0.5115,0,0.005,3.84715,0,0,0
0,0,0,0.513,0,0.005,3.86953,0,0,0
0,0,0,0.5145,0,0.005,3.89191,0,0,0
0,0,0,0.516,0,0.005,3.91465,0,0,0
0,0,0,0.5175,0,0.005,3.93782,0,0,0
0,0,0,0.519,0,0.005,3.96098,0,0,0
0,0,0,0.5205,0,0.005,3.9845,0,0,0
0,0,0,0.522,0,0.005,4.00847,0,0,0
0,0,0,0.5235,0,0.005,4.03245,0,0,0
0,0,0,0.525,0,0.005,4.05678,0,0,0
0,0,0,0.5265,0,0.005,4.08161,0,0,0
0,0,0,0.528,0,0.005,4.10643,0,0,0
0,0,0,0.5295,0,0.005,4.13162,0,0,0
0,0,0,0.531,0,0.005,4.1573,0,0,0
0,0,0,0.5325,0,0.005,4.18299,0,0,0
0,0,0,0.534,0,0.005,4.20907,0,0,0
0,0,0,0.5355,0,0.005,4.23567,0,0,0
0,0,0,0.537,0,0.005,4.26226,0,0,0
0,0,0,0.5385,0,0.005,4.2893,0,0,0
0,0,0,0.54,0,0.005,4.31682,0,0,0
0,0,0,0.5415,0,0.005,4.34434,0,0,0
0,0,0,0.543,0,0.005,4.37237,0,0,0
0,0,0,0.5445,0,0.005,4.40087,0,0,0
0,0,0,0.546,0,0.005,4.42938,0,0,0
0,0,0,0.5475,0,0.005,4.45845,0,0,0
0,0,0,0.549,0,0.005,4.48795,0,0,0
0,0,0,0.5505,0,0.005,4.51746,0,0,0
0,0,0,0.552,0,0.005,4.54764,0,0,0
0,0,0,0.5535,0,0.005,4.57819,0,0,0
0,0,0,0.555,0,0.005,4.60875,0,0,0
0,0,0,0.5565,0,0.005,4.64009,0,0,0
0,0,0,0.558,0,0.005,4.67172,0,0,0
0,0,0,0.5595,0,0.005,4.70336,0,0,0
0,0,0,0.561,0,0.005,4.73593,0,0,0
0,0,0,0.5625,0,0.005,4.76869,0,0,0
0,0,0,0.564,0,0.005,4.80146,0,0,0
0,0,0,0.5655,0,0.005,4.83534,0,0,0
0,0,0,0.567,0,0.005,4.86928,0,0,0
0,0,0,0.5685,0,0.005,4.90331,0,0,0
0,0,0,0.57,0,0.005,4.93847,0,0,0
0,0,0,0.5715,0,0.005,4.97363,0,0,0
0,0,0,0.573,0,0.005,5.00905,0,0,0
0,0,0,0.5745,0,0.005,5.04548,0,0,0
0,0,0,0.576,0,0.005,5.08191,0,0,0
0,0,0,0.5775,0,0.005,5.11881,0,0,0
0,0,0,0.579,0,0.005,5.15655,0,0,0
0,0,0,0.5805,0,0.005,5.19429,0,0,0
0,0,0,0.582,0,0.005,5.23274,0,0,0
0,0,0,0.5835,0,0.005,5.27185,0,0,0
0,0,0,0.585,0,0.005,5.31096,0,0,0
0,0,0,0.5865,0,0.005,5.35107,0,0,0
0,0,0,0.588,0,0.005,5.3916,0,0,0
0,0,0,0.5895,0,0.005,5.43213,0,0,0
0,0,0,0.591,0,0.005,5.47396,0,0,0
0,0,0,0.5925,0,0.005,5.51596,0,0,0
0,0,0,0.594,0,0.005,5.55811,0,0,0
0,0,0,0.5955,0,0.005,5.60166,0,0,0
0,0,0,0.597,0,0.005,5.6452,0,0,0
0,0,0,0.5985,0,0.005,5.68925,0,0,0
0,0,0,0.6,0,0.005,5.73438,0,0,0
0,0,0,0.6015,0,0.005,5.77951,0,0,0
0,0,0,0.603,0,0.005,5.82555,0,0,0
0,0,0,0.6045,0,0.005,5.87236,0,0,0
0,0,0,0.606,0,0.005,5.91917,0,0,0
0,0,0,0.6075,0,0.005,5.96732,0,0,0
0,0,0,0.609,0,0.005,6.01583,0,0,0
0,0,0,0.6105,0,0.005,6.06442,0,0,0
0,0,0,0.612,0,0.005,6.11472,0,0,0
0,0,0,0.6135,0,0.005,6.16502,0,0,0
0,0,0,0.615,0,0.005,6.2159,0,0,0
0,0,0,0.6165,0,0.005,6.26805,0,0,0
0,0,0,0.618,0,0.005,6.32019,0,0,0
0,0,0,0.6195,0,0.005,6.37347,0,0,0
0,0,0,0.621,0,0.005,6.42752,0,0,0
0,0,0,0.6225,0,0.005,6.48157,0,0,0
0,0,0,0.624,0,0.005,6.53741,0,0,0
0,0,0,0.6255,0,0.005,6.59346,0,0,0
0,0,0,0.627,0,0.005,6.64991,0,0,0
0,0,0,0.6285,0,0.005,6.70803,0,0,0
0,0,0,0.63,0,0.005,6.76614,0,0,0
0,0,0,0.6315,0,0.005,6.82538,0,0,0
0,0,0,0.633,0,0.005,6.88565,0,0,0
0,0,0,0.6345,0,0.005,6.94593,0,0,0
0,0,0,0.636,0,0.005,7.00812,0,0,0
0,0,0,0.6375,0,0.005,7.07066,0,0,0
0,0,0,0.639,0,0.005,7.13364,0,0,0
0,0,0,0.6405,0,0.005,7.19848,0,0,0
0,0,0,0.642,0,0.005,7.26332,0,0,0
0,0,0,0.6435,0,0.005,7.32949,0,0,0
0,0,0,0.645,0,0.005,7.39677,0,0,0
0,0,0,0.6465,0,0.005,7.46404,0,0,0
0,0,0,0.648,0,0.005,7.53356,0,0,0
0,0,0,0.6495,0,0.005,7.60329,0,0,0
0,0,0,0.651,0,0.005,7.67379,0,0,0
0,0,0,0.6525,0,0.005,7.74612,0,0,0
0,0,0,0.654,0,0.005,7.81846,0,0,0
0,0,0,0.6555,0,0.005,7.89265,0,0,0
0,0,0,0.657,0,0.005,7.96768,0,0,0
0,0,0,0.6585,0,0.005,8.04298,0,0,0
0,0,0,0.66,0,0.005,8.12082,0,0,0
0,0,0,0.6615,0,0.005,8.19865,0,0,0
0,0,0,0.663,0,0.005,8.27799,0,0,0
0,0,0,0.6645,0,0.005,8.35876,0,0,0
0,0,0,0.666,0,0.005,8.43953,0,0,0
0,0,0,0.6675,0,0.005,8.5231,0,0,0
0,0,0,0.669,0,0.005,8.60683,0,0,0
0,0,0,0.6705,0,0.005,8.69174,0,0,0
0,0,0,0.672,0,0.005,8.77854,0,0,0
0,0,0,0.6735,0,0.005,8.86534,0,0,0
0,0,0,0.675,0,0.005,8.95479,0,0,0
0,0,0,0.6765,0,0.005,9.04476,0,0,0
0,0,0,0.678,0,0.005,9.13572,0,0,0
0,0,0,0.6795,0,0.005,9.22895,0,0,0
0,0,0,0.681,0,0.005,9.32218,0,0,0
0,0,0,0.6825,0,0.005,9.41814,0,0,0
0,0,0,0.684,0,0.005,9.51487,0,0,0
0,0,0,0.6855,0,0.005,9.61255,0,0,0
0,0,0,0.687,0,0.005,9.71286,0,0,0
0,0,0,0.6885,0,0.005,9.81316,0,0,0
0,0,0,0.69,0,0.005,9.91637,0,0,0
0,0,0,0.6915,0,0.005,10.0205,0,0,0
0,0,0,0.693,0,0.005,10.1256,0,0,0
0,0,0,0.6945,0,0.005,10.2336,0,0,0
0,0,0,0.696,0,0.005,10.3416,0,0,0
0,0,0,0.6975,0,0.005,10.4527,0,0,0
0,0,0,0.699,0,0.005,10.5647,0,0,0
0,0,0,0.7005,0,0.005,10.678,0,0,0
0,0,0,0.702,0,0.005,10.7942,0,0,0
0,0,0,0.7035,0,0.005,10.9103,0,0,0
0,0,0,0.705,0,0.005,11.0302,0,0,0
0,0,0,0.7065,0,0.005,11.1506,0,0,0
0,0,0,0.708,0,0.005,11.273,0,0,0
0,0,0,0.7095,0,0.005,11.3979,0,0,0
0,0,0,0.711,0,0.005,11.5228,0,0,0
0,0,0,0.7125,0,0.005,11.6523,0,0,0
0,0,0,0.714,0,0.005,11.7818,0,0,0
0,0,0,0.7155,0,0.005,11.9139,0,0,0
0,0,0,0.717,0,0.005,12.0479,0,0,0
0,0,0,0.7185,0,0.005,12.1827,0,0,0
0,0,0,0.72,0,0.005,12.3217,0,0,0
0,0,0,0.7215,0,0.005,12.4606,0,0,0
0,0,0,0.723,0,0.005,12.6034,0,0,0
0,0,0,0.7245,0,0.005,12.7473,0,0,0
0,0,0,0.726,0,0.005,12.8932,0,0,0
0,0,0,0.7275,0,0.005,13.0421,0,0,0
0,0,0,0.729,0,0.005,13.1912,0,0,0
0,0,0,0.7305,0,0.005,13.3454,0,0,0
0,0,0,0.732,0,0.005,13.4996,0,0,0
0,0,0,0.7335,0,0.005,13.6567,0,0,0
0,0,0,0.735,0,0.005,13.8155,0,0,0
0,0,0,0.7365,0,0.005,13.9757,0,0,0
0,0,0,0.738,0,0.005,14.1391,0,0,0
0,0,0,0.7395,0,0.005,14.3025,0,0,0
0,0,0,0.741,0,0.005,14.4689,0,0,0
0,0,0,0.7425,0,0.005,14.6355,0,0,0
0,0,0,0.744,0,0.005,14.8043,0,0,0
0,0,0,0.7455,0,0.005,14.9745,0,0,0
0,0,0,0.747,0,0.005,15.1535,0,0,0
0,0,0,0.7485,0,0.005,15.3522,0,0,0
0,0,0,0.75,0,0.005,15.5509,0,0,0
4.57902e+13,0,0,0.7515,0,0.005,15.7941,0,0,0
9.15804e+13,0,0,0.753,0,0.005,16.0373,0,0,0
1.60511e+14,1068.71,0,0.7545,0,0.005,16.2746,0,0,0
2.39837e+14,2617.35,0,0.756,0,0.005,16.5093,0,0,0
3.18557e+14,4171.9,2.04811e+11,0.7575,0,0.005,16.7278,1.52018e-13,5.74866e-09,4.57473e-11
3.96243e+14,5736.54,7.59154e+11,0.759,0,0.005,16.9187,5.6347e-13,2.1308e-08,1.69567e-10
4.75413e+14,7242.93,1.33133e+12,0.7605,0,0.005,17.1093,9.87815e-13,3.71246e-08,2.93349e-10
5.92133e+14,7275.75,2.35455e+12,0.762,0,0.005,17.292,1.73831e-12,5.94475e-08,4.16169e-10
7.08848e+14,7308.56,3.37773e+12,0.7635,0,0.005,17.4746,2.48878e-12,8.17695e-08,5.38983e-10
8.90422e+14,7334.85,4.56585e+12,0.765,0,0.005,17.6766,3.343e-12,9.81581e-08,5.75597e-10
1.10037e+15,7358.29,5.82611e+12,0.7665,0,0.005,17.887,4.24258e-12,1.1195e-07,5.74496e-10
1.36681e+15,7383.23,7.39145e+12,0.768,0,0.005,18.1067,5.34824e-12,1.25223e-07,5.73309e-10
1.74175e+15,7411.07,9.54269e+12,0.7695,0,0.005,18.3445,6.84966e-12,1.37498e-07,5.71959e-10
2.11669e+15,7438.92,1.16939e+13,0.771,0,0.005,18.5822,8.35107e-12,1.49772e-07,5.70608e-10
2.74676e+15,7469.62,1.53396e+13,0.7725,0,0.005,18.8323,1.08382e-11,1.59241e-07,5.69082e-10
3.38253e+15,7500.39,1.90186e+13,0.774,0,0.005,19.0827,1.33474e-11,1.68647e-07,5.67552e-10
4.28256e+15,7532.49,2.42797e+13,0.7755,0,0.005,19.3402,1.68736e-11,1.76734e-07,5.65948e-10
5.35663e+15,7565.47,3.05827e+13,0.777,0,0.005,19.6024,2.10697e-11,1.83951e-07,5.64295e-10
6.57362e+15,7598.74,3.78276e+13,0.7785,0,0.005,19.8659,2.58564e-11,1.90704e-07,5.62627e-10
8.30746e+15,7633.06,4.84793e+13,0.78,0,0.005,20.1341,3.27791e-11,1.95776e-07,5.60905e-10
1.00414e+16,7667.38,5.91314e+13,0.7815,0,0.005,20.4023,3.97021e-11,2.00849e-07,5.59182e-10
1.25693e+16,7701.52,7.53792e+13,0.783,0,0.005,20.6705,5.00521e-11,2.04914e-07,5.57482e-10
1.52725e+16,7735.62,9.28627e+13,0.7845,0,0.005,20.9387,6.11589e-11,2.08757e-07,5.55786e-10
1.86285e+16,7769.71,1.14814e+14,0.786,0,0.005,21.2103,7.4938e-11,2.12633e-07,5.54107e-10
2.29218e+16,7803.77,1.43182e+14,0.7875,0,0.005,21.487,9.25545e-11,2.16556e-07,5.52452e-10
2.7215e+16,7837.83,1.71548e+14,0.789,0,0.005,21.7637,1.1017e-10,2.2048e-07,5.50797e-10
3.39591e+16,7872.25,2.17106e+14,0.7905,0,0.005,22.0513,1.37829e-10,2.24352e-07,5.49157e-10
4.07265e+16,7906.67,2.62825e+14,0.792,0,0.005,22.339,1.65582e-10,2.28223e-07,5.47517e-10
4.96314e+16,7941.17,3.23718e+14,0.7935,0,0.005,22.6324,2.02e-10,2.32101e-07,5.45894e-10
6.02195e+16,7975.72,3.96558e+14,0.795,0,0.005,22.9303,2.45239e-10,2.35984e-07,5.44282e-10
7.1563e+16,8010.37,4.74501e+14,0.7965,0,0.005,23.2305,2.91322e-10,2.3992e-07,5.42671e-10
8.86056e+16,8045.73,5.90942e+14,0.798,0,0.005,23.5476,3.58867e-10,2.44253e-07,5.41064e-10
1.05649e+17,8081.09,7.07387e+14,0.7995,0,0.005,23.8647,4.26414e-10,2.48587e-07,5.39456e-10
1.29479e+17,8117.32,8.70749e+14,0.801,0,0.005,24.1953,5.19476e-10,2.52801e-07,5.37829e-10
1.56757e+17,8154.01,1.05794e+15,0.8025,0,0.005,24.5328,6.255e-10,2.56955e-07,5.36192e-10
1.87029e+17,8190.83,1.26719e+15,0.804,0,0.005,24.8728,7.43228e-10,2.60977e-07,5.34554e-10
2.29445e+17,8228.21,1.56585e+15,0.8055,0,0.005,25.223,9.08417e-10,2.64459e-07,5.32911e-10
2.71862e+17,8265.6,1.86452e+15,0.807,0,0.005,25.5731,1.07361e-09,2.67942e-07,5.31268e-10
3.30848e+17,8303.19,2.28825e+15,0.8085,0,0.005,25.9321,1.3036e-09,2.71216e-07,5.29638e-10
3.96246e+17,8340.87,2.76038e+15,0.81,0,0.005,26.2946,1.55867e-09,2.74409e-07,5.28014e-10
4.69825e+17,8378.6,3.29489e+15,0.8115,0,0.005,26.6607,1.84531e-09,2.7762e-07,5.26396e-10
5.70391e+17,8416.52,4.03524e+15,0.813,0,0.005,27.0384,2.23608e-09,2.80886e-07,5.24798e-10
6.70953e+17,8454.45,4.77555e+15,0.8145,0,0.005,27.4162,2.62684e-09,2.84152e-07,5.23201e-10
8.11554e+17,8492.66,5.82081e+15,0.816,0,0.005,27.8078,3.16823e-09,2.87593e-07,5.2162e-10
9.66764e+17,8530.98,6.97733e+15,0.8175,0,0.005,28.2045,3.76457e-09,2.91099e-07,5.20045e-10
1.14012e+18,8569.42,8.27658e+15,0.819,0,0.005,28.6054,4.42973e-09,2.94599e-07,5.18472e-10
1.37744e+18,8608.29,1.00789e+16,0.8205,0,0.005,29.0212,5.33742e-09,2.98075e-07,5.16909e-10
1.61476e+18,8647.16,1.18812e+16,0.822,0,0.005,29.4371,6.24511e-09,3.01552e-07,5.15346e-10
1.93269e+18,8686.03,1.43626e+16,0.8235,0,0.005,29.8614,7.47269e-09,3.04827e-07,5.13804e-10
2.28556e+18,8724.91,1.71384e+16,0.825,0,0.005,30.2895,8.83892e-09,3.08015e-07,5.12271e-10
2.66587e+18,8763.73,2.01495e+16,0.8265,0,0.005,30.7196,1.03135e-08,3.11226e-07,5.10746e-10
3.18751e+18,8802.28,2.43728e+16,0.828,0,0.005,31.1608,1.23463e-08,3.14556e-07,5.09263e-10
3.70914e+18,8840.83,2.85961e+16,0.8295,0,0.005,31.6021,1.4379e-08,3.17885e-07,5.07779e-10
4.38749e+18,8879.38,3.41526e+16,0.831,0,0.005,32.0559,1.7012e-08,3.21502e-07,5.0632e-10
5.16372e+18,8917.95,4.05418e+16,0.8325,0,0.005,32.5177,2.00197e-08,3.25299e-07,5.04876e-10
5.96118e+18,8956.52,4.7115e+16,0.834,0,0.005,32.9807,2.31085e-08,3.29112e-07,5.03434e-10
7.1108e+18,8995.29,5.67398e+16,0.8355,0,0.005,33.4647,2.75401e-08,3.33205e-07,5.02019e-10
8.26043e+18,9034.05,6.63645e+16,0.837,0,0.005,33.9487,3.19718e-08,3.37298e-07,5.00604e-10
9.67015e+18,9072.9,7.83198e+16,0.8385,0,0.005,34.4429,3.74064e-08,3.41435e-07,4.99201e-10
1.13547e+19,9111.83,9.27376e+16,0.84,0,0.005,34.9477,4.39006e-08,3.45619e-07,4.97813e-10
1.30393e+19,9150.76,1.07156e+17,0.8415,0,0.005,35.4526,5.03951e-08,3.49802e-07,4.96424e-10
1.54076e+19,9189.67,1.27903e+17,0.843,0,0.005,35.9753,5.95543e-08,3.54063e-07,4.95065e-10
1.7849e+19,9228.59,1.49327e+17,0.8445,0,0.005,36.4999,6.89983e-08,3.58332e-07,4.93708e-10
2.06326e+19,9267.53,1.73905e+17,0.846,0,0.005,37.0322,7.97421e-08,3.62708e-07,4.92362e-10
2.41825e+19,9306.5,2.05548e+17,0.8475,0,0.005,37.5815,9.33968e-08,3.67322e-07,4.91039e-10
2.77323e+19,9345.48,2.37189e+17,0.849,0,0.005,38.1308,1.07051e-07,3.71936e-07,4.89716e-10
3.24428e+19,9384.79,2.79402e+17,0.8505,0,0.005,38.7032,1.24965e-07,3.76846e-07,4.88406e-10
3.76464e+19,9424.25,3.26104e+17,0.852,0,0.005,39.2854,1.44689e-07,3.81881e-07,4.87102e-10
4.30461e+19,9463.75,3.74641e+17,0.8535,0,0.005,39.8704,1.65135e-07,3.86925e-07,4.85799e-10
5.06175e+19,9503.81,4.43483e+17,0.855,0,0.005,40.4853,1.93585e-07,3.92067e-07,4.84505e-10
5.8189e+19,9543.87,5.12325e+17,0.8565,0,0.005,41.1003,2.22034e-07,3.9721e-07,4.83211e-10
6.72407e+19,9584.08,5.95677e+17,0.858,0,0.005,41.7278,2.56078e-07,4.02293e-07,4.81924e-10
7.80911e+19,9624.49,6.96655e+17,0.8595,0,0.005,42.3706,2.9692e-07,4.07303e-07,4.80646e-10
8.89415e+19,9664.89,7.97634e+17,0.861,0,0.005,43.0134,3.37761e-07,4.12312e-07,4.79368e-10
1.03404e+20,9705.26,9.35685e+17,0.8625,0,0.005,43.6758,3.92603e-07,4.17258e-07,4.78113e-10
1.18724e+20,9745.62,1.08254e+18,0.864,0,0.005,44.3428,4.50769e-07,4.22189e-07,4.76864e-10
1.34993e+20,9785.94,1.23928e+18,0.8655,0,0.005,45.0139,5.12594e-07,4.27153e-07,4.7562e-10
1.56543e+20,9826.08,1.4511e+18,0.867,0,0.005,45.708,5.94801e-07,4.32304e-07,4.74409e-10
1.78094e+20,9866.21,1.66291e+18,0.8685,0,0.005,46.4021,6.77009e-07,4.37455e-07,4.73199e-10
2.03931e+20,9906.33,1.91939e+18,0.87,0,0.005,47.1131,7.75417e-07,4.42816e-07,4.72005e-10
2.34339e+20,9946.44,2.22347e+18,0.8715,0,0.005,47.8421,8.91091e-07,4.48401e-07,4.70829e-10
2.64746e+20,9986.54,2.52755e+18,0.873,0,0.005,48.5711,1.00677e-06,4.53985e-07,4.69654e-10
3.05048e+20,10026.7,2.93672e+18,0.8745,0,0.005,49.3302,1.15981e-06,4.59847e-07,4.68501e-10
3.47772e+20,10066.9,3.37163e+18,0.876,0,0.005,50.0967,1.322e-06,4.65778e-07,4.67355e-10
3.92338e+20,10107.1,3.82682e+18,0.8775,0,0.005,50.8672,1.49126e-06,4.7173e-07,4.66212e-10
4.51767e+20,10147.2,4.44576e+18,0.879,0,0.005,51.6694,1.71763e-06,4.7786e-07,4.65095e-10
5.11197e+20,10187.4,5.06469e+18,0.8805,0,0.005,52.4715,1.944e-06,4.83989e-07,4.63978e-10
5.79606e+20,10227.5,5.78706e+18,0.882,0,0.005,53.2869,2.20578e-06,4.90183e-07,4.62875e-10
6.61227e+20,10267.4,6.66162e+18,0.8835,0,0.005,54.1215,2.51967e-06,4.96472e-07,4.61794e-10
7.42852e+20,10307.4,7.53621e+18,0.885,0,0.005,54.9562,2.83358e-06,5.02761e-07,4.60713e-10
8.44774e+20,10347,8.65202e+18,0.8865,0,0.005,55.8133,3.22867e-06,5.09251e-07,4.59661e-10
9.55975e+20,10386.4,9.87812e+18,0.888,0,0.005,56.6806,3.66088e-06,5.15834e-07,4.58622e-10
1.06718e+21,10425.9,1.11042e+19,0.8895,0,0.005,57.5479,4.09309e-06,5.22416e-07,4.57583e-10
1.21662e+21,10464.9,1.27905e+19,0.891,0,0.005,58.4516,4.67765e-06,5.29451e-07,4.56586e-10
1.36786e+21,10503.9,1.44985e+19,0.8925,0,0.005,59.3571,5.26936e-06,5.36507e-07,4.55591e-10
1.53048e+21,10542.9,1.63458e+19,0.894,0,0.005,60.2717,5.90649e-06,5.43672e-07,4.54605e-10
1.73556e+21,10581.5,1.87128e+19,0.8955,0,0.005,61.2199,6.71292e-06,5.51243e-07,4.53652e-10
1.94064e+21,10620.2,2.10799e+19,0.897,0,0.005,62.1682,7.51935e-06,5.58813e-07,4.52699e-10
2.17801e+21,10658.7,2.38552e+19,0.8985,0,0.005,63.1361,8.45677e-06,5.6658e-07,4.51763e-10
2.45405e+21,10697.1,2.71194e+19,0.9,0,0.005,64.1274,9.55102e-06,5.74583e-07,4.50849e-10
2.7301e+21,10735.4,3.03837e+19,0.9015,0,0.005,65.1188,1.06453e-05,5.82586e-07,4.49936e-10
3.06808e+21,10773.3,3.44749e+19,0.903,0,0.005,66.1361,1.20013e-05,5.90824e-07,4.49052e-10
3.43445e+21,10811.1,3.89452e+19,0.9045,0,0.005,67.1654,1.34773e-05,5.99169e-07,4.48183e-10
3.80082e+21,10848.9,4.34156e+19,0.906,0,0.005,68.1946,1.49532e-05,6.07514e-07,4.47313e-10
4.27007e+21,10885.9,4.93313e+19,0.9075,0,0.005,69.2543,1.68813e-05,6.16228e-07,4.46491e-10
4.75031e+21,10922.8,5.54014e+19,0.909,0,0.005,70.3173,1.88576e-05,6.24981e-07,4.45674e-10
5.24619e+21,10959.6,6.1699e+19,0.9105,0,0.005,71.3841,2.09045e-05,6.33799e-07,4.44863e-10
5.87102e+21,10995.5,6.98718e+19,0.912,0,0.005,72.4825,2.35321e-05,6.43149e-07,4.44105e-10
6.49585e+21,11031.4,7.80447e+19,0.9135,0,0.005,73.5808,2.61598e-05,6.52498e-07,4.43347e-10
7.17606e+21,11067,8.70426e+19,0.915,0,0.005,74.6912,2.90409e-05,6.62071e-07,4.42607e-10
7.98559e+21,11101.9,9.79669e+19,0.9165,0,0.005,75.8294,3.25138e-05,6.72164e-07,4.4191e-10
8.79514e+21,11136.8,1.08892e+20,0.918,0,0.005,76.9677,3.59867e-05,6.82257e-07,4.41213e-10
9.7139e+21,11171.3,1.21528e+20,0.9195,0,0.005,78.1244,3.99818e-05,6.92694e-07,4.40546e-10
1.07517e+22,11205.2,1.36029e+20,0.921,0,0.005,79.301,4.45461e-05,7.03507e-07,4.39911e-10
1.17895e+22,11239.1,1.5053e+20,0.9225,0,0.005,80.4776,4.91104e-05,7.14319e-07,4.39276e-10
1.29966e+22,11272.1,1.67971e+20,0.924,0,0.005,81.6694,5.45689e-05,7.25523e-07,4.38687e-10
1.42972e+22,11304.7,1.87036e+20,0.9255,0,0.005,82.8695,6.05217e-05,7.36942e-07,4.38123e-10
1.55979e+22,11337.2,2.06101e+20,0.927,0,0.005,84.0697,6.64748e-05,7.48362e-07,4.37559e-10
1.71238e+22,11368.1,2.2968e+20,0.9285,0,0.005,85.2723,7.38056e-05,7.60296e-07,4.37065e-10
1.87073e+22,11398.6,2.54415e+20,0.93,0,0.005,86.4755,8.14892e-05,7.72363e-07,4.36589e-10
2.02909e+22,11429.2,2.7915e+20,0.9315,0,0.005,87.6787,8.91729e-05,7.8443e-07,4.36114e-10
2.21466e+22,11457.2,3.10286e+20,0.933,0,0.005,88.8686,9.88316e-05,7.97343e-07,4.35741e-10
2.40211e+22,11485,3.41864e+20,0.9345,0,0.005,90.0576,0.000108627,8.10315e-07,4.35375e-10
2.59132e+22,11512.6,3.73934e+20,0.936,0,0.005,91.245,0.000118577,8.23364e-07,4.35017e-10
2.80778e+22,11537.2,4.13578e+20,0.9375,0,0.005,92.4084,0.000130911,8.37603e-07,4.34782e-10
3.02423e+22,11561.8,4.53223e+20,0.939,0,0.005,93.5718,0.000143244,8.51843e-07,4.34546e-10
3.24525e+22,11585.8,4.94467e+20,0.9405,0,0.005,94.7284,0.000156097,8.66356e-07,4.34337e-10
3.48812e+22,11606.7,5.43358e+20,0.942,0,0.005,95.8526,0.000171431,8.82177e-07,4.34252e-10
3.73099e+22,11627.5,5.92252e+20,0.9435,0,0.005,96.9769,0.000186765,8.97998e-07,4.34167e-10
3.97936e+22,11647.2,6.43941e+20,0.945,0,0.005,98.0858,0.000203049,9.14322e-07,4.34128e-10
4.24247e+22,11663.8,7.03128e+20,0.9465,0,0.005,99.1532,0.000221876,9.31994e-07,4.34214e-10
4.50558e+22,11680.4,7.62315e+20,0.948,0,0.005,100.221,0.000240703,9.49667e-07,4.343e-10
4.77156e+22,11695.2,8.25412e+20,0.9495,0,0.005,101.259,0.00026095,9.6809e-07,4.34456e-10
5.04271e+22,11706.7,8.95551e+20,0.951,0,0.005,102.243,0.000283754,9.87866e-07,4.3474e-10
5.31387e+22,11718.2,9.65693e+20,0.9525,0,0.005,103.228,0.000306558,1.00764e-06,4.35024e-10
5.5813e+22,11727.1,1.04058e+21,0.954,0,0.005,104.165,0.000331266,1.02846e-06,4.35406e-10
5.84378e+22,11732.6,1.12181e+21,0.9555,0,0.005,105.039,0.000358514,1.05067e-06,4.3592e-10
6.10626e+22,11738.1,1.20303e+21,0.957,0,0.005,105.913,0.000385762,1.07289e-06,4.36434e-10
6.35352e+22,11740.2,1.28925e+21,0.9585,0,0.005,106.717,0.000415353,1.09648e-06,4.37081e-10
6.58473e+22,11738.6,1.38073e+21,0.96,0,0.005,107.447,0.000447416,1.12154e-06,4.37867e-10
6.81594e+22,11737,1.47222e+21,0.9615,0,0.005,108.177,0.00047948,1.1466e-06,4.38653e-10
7.02304e+22,11731.1,1.56846e+21,0.963,0,0.005,108.826,0.000514329,1.17351e-06,4.39606e-10
7.20881e+22,11721.4,1.66892e+21,0.9645,0,0.005,109.404,0.00055164,1.20205e-06,4.40704e-10
7.39458e+22,11711.7,1.76938e+21,0.966,0,0.005,109.982,0.00058895,1.2306e-06,4.41803e-10
7.53882e+22,11696.9,1.87332e+21,0.9675,0,0.005,110.45,0.000629347,1.26127e-06,4.43108e-10
7.65062e+22,11678.1,1.97998e+21,0.969,0,0.005,110.834,0.000672159,1.29359e-06,4.44575e-10
7.76241e+22,11659.3,2.08665e+21,0.9705,0,0.005,111.217,0.00071497,1.32592e-06,4.46042e-10
7.83921e+22,11634.8,2.19561e+21,0.972,0,0.005,111.515,0.000761317,1.36108e-06,4.47747e-10
7.89043e+22,11606.1,2.30625e+21,0.9735,0,0.005,111.75,0.000810244,1.39831e-06,4.49626e-10
7.94165e+22,11577.4,2.41689e+21,0.975,0,0.005,111.985,0.000859172,1.43553e-06,4.51504e-10
7.93141e+22,11542.5,2.52767e+21,0.9765,0,0.005,112.074,0.000911919,1.47511e-06,4.53659e-10
7.87677e+22,11503.2,2.63856e+21,0.978,0,0.005,112.059,0.000967429,1.51639e-06,4.56014e-10
7.82214e+22,11463.8,2.74944e+21,0.9795,0,0.005,112.043,0.00102294,1.55767e-06,4.58369e-10
7.70068e+22,11417.7,2.85753e+21,0.981,0,0.005,111.862,0.00108238,1.60137e-06,4.61047e-10
7.52869e+22,11366.6,2.9635e+21,0.9825,0,0.005,111.555,0.0011448,1.64691e-06,4.6397e-10
7.3567e+22,11315.4,3.06948e+21,0.984,0,0.005,111.248,0.00120722,1.69245e-06,4.66893e-10
7.15249e+22,11257.4,3.17109e+21,0.9855,0,0.005,110.838,0.00127399,1.74106e-06,4.70158e-10
6.92128e+22,11193.7,3.26906e+21,0.987,0,0.005,110.34,0.00134441,1.79224e-06,4.73712e-10
6.69006e+22,11130,3.36702e+21,0.9885,0,0.005,109.842,0.00141482,1.84342e-06,4.77265e-10
6.42371e+22,11060.1,3.45934e+21,0.99,0,0.005,109.208,0.00148992,1.89671e-06,4.81175e-10
6.12286e+22,10984,3.5461e+21,0.9915,0,0.005,108.439,0.0015696,1.95205e-06,4.85435e-10
5.82203e+22,10908,3.63286e+21,0.993,0,0.005,107.671,0.00164928,2.00739e-06,4.89695e-10
5.49869e+22,10826.5,3.71335e+21,0.9945,0,0.005,106.764,0.00173382,2.06403e-06,4.94307e-10
5.14797e+22,10738.6,3.78621e+21,0.996,0,0.005,105.688,0.0018243,2.12224e-06,4.99347e-10
4.79725e+22,10650.7,3.85907e+21,0.9975,0,0.005,104.613,0.00191477,2.18045e-06,5.04387e-10
4.4398e+22,10558.7,3.92599e+21,0.999,0,0.005,103.411,0.00201009,2.23906e-06,5.09749e-10
4.07154e+22,10460.1,3.98335e+21,1.0005,0,0.005,102.005,0.0021132,2.29831e-06,5.15629e-10
3.70327e+22,10361.6,4.04071e+21,1.002,0,0.005,100.6,0.00221632,2.35756e-06,5.21508e-10
3.34116e+22,10260.4,4.09341e+21,1.0035,0,0.005,99.0913,0.00232389,2.41635e-06,5.27646e-10
2.99331e+22,10153.3,4.13529e+21,1.005,0,0.005,97.344,0.00244178,2.47406e-06,5.34385e-10
2.64546e+22,10046.2,4.17717e+21,1.0065,0,0.005,95.5966,0.00255968,2.53176e-06,5.41123e-10
2.30895e+22,9937.87,4.21615e+21,1.008,0,0.005,93.7814,0.00268107,2.58854e-06,5.48033e-10
2.01651e+22,9825.01,4.24387e+21,1.0095,0,0.005,91.7024,0.00281607,2.64169e-06,5.55613e-10
1.72406e+22,9712.15,4.27158e+21,1.011,0,0.005,89.6234,0.00295106,2.69484e-06,5.63193e-10
1.43889e+22,9599.17,4.29834e+21,1.0125,0,0.005,87.5173,0.00308787,2.74719e-06,5.70838e-10
1.22401e+22,9485.12,4.31598e+21,1.014,0,0.005,85.149,0.00324212,2.79173e-06,5.7911e-10
1.00914e+22,9371.07,4.3336e+21,1.0155,0,0.005,82.781,0.00339636,2.83628e-06,5.8738e-10
7.94263e+21,9257.02,4.35124e+21,1.017,0,0.005,80.4127,0.00355062,2.88083e-06,5.95651e-10
6.56599e+21,9144.5,4.3611e+21,1.0185,0,0.005,77.8368,0.0037252,2.91454e-06,6.04507e-10
5.2147e+21,9032.03,4.37072e+21,1.02,0,0.005,75.2541,0.00390045,2.94789e-06,6.13381e-10
3.86341e+21,8919.57,4.38033e+21,1.0215,0,0.005,72.6714,0.00407569,2.98124e-06,6.22256e-10
3.04329e+21,8810.61,4.3853e+21,1.023,0,0.005,69.9962,0.00426906,3.00353e-06,6.31504e-10
2.33331e+21,8702.39,4.3893e+21,1.0245,0,0.005,67.3018,0.00446619,3.02352e-06,6.40829e-10
1.62333e+21,8594.16,4.3933e+21,1.026,0,0.005,64.6074,0.00466331,3.04351e-06,6.50154e-10
1.18725e+21,8491.21,4.39627e+21,1.0275,0,0.005,61.9186,0.0048749,3.05293e-06,6.59593e-10
8.83888e+20,8390.81,4.39873e+21,1.029,0,0.005,59.2324,0.0050935,3.05722e-06,6.69087e-10
5.80525e+20,8290.41,4.40119e+21,1.0305,0,0.005,56.5462,0.0053121,3.06151e-06,6.7858e-10
3.78508e+20,8194.49,4.4033e+21,1.032,0,0.005,53.924,0.00554059,3.05787e-06,6.88073e-10
2.76081e+20,8102.96,4.40507e+21,1.0335,0,0.005,51.3643,0.00577885,3.04644e-06,6.97566e-10
1.73653e+20,8011.43,4.40683e+21,1.035,0,0.005,48.8046,0.0060171,3.03501e-06,7.07059e-10
9.5514e+19,7922.91,4.40853e+21,1.0365,0,0.005,46.3164,0.00626064,3.01883e-06,7.165e-10
6.89601e+19,7840.77,4.41007e+21,1.038,0,0.005,43.9802,0.0065154,2.9926e-06,7.25829e-10
4.24062e+19,7758.63,4.41161e+21,1.0395,0,0.005,41.6441,0.00677016,2.96636e-06,7.35159e-10
1.84468e+19,7677.63,4.41314e+21,1.041,0,0.005,39.3427,0.0070264,2.93855e-06,7.44451e-10
1.33145e+19,7604.96,4.41462e+21,1.0425,0,0.005,37.2937,0.00729338,2.89929e-06,7.53474e-10
8.18216e+18,7532.29,4.41611e+21,1.044,0,0.005,35.2447,0.00756036,2.86003e-06,7.62497e-10
3.04986e+18,7459.62,4.41759e+21,1.0455,0,0.005,33.1958,0.00782733,2.82076e-06,7.7152e-10
1.92073e+18,7395.34,4.41905e+21,1.047,0,0.005,31.4316,0.00810078,2.77192e-06,7.80155e-10
1.20089e+18,7331.92,4.42051e+21,1.0485,0,0.005,29.6966,0.00837488,2.72209e-06,7.8875e-10
4.80985e+17,7268.5,4.42197e+21,1.05,0,0.005,27.9615,0.00864899,2.67226e-06,7.97345e-10
2.00814e+17,7211.08,4.4234e+21,1.0515,0,0.005,26.4358,0.00892428,2.61725e-06,8.05586e-10
1.292e+17,7156.49,4.42483e+21,1.053,0,0.005,25.0094,0.00920012,2.55977e-06,8.13659e-10
5.75856e+16,7101.91,4.42625e+21,1.0545,0,0.005,23.583,0.00947596,2.50229e-06,8.21731e-10
1.491e+16,7050.93,4.42764e+21,1.056,0,0.005,22.2789,0.00975025,2.44285e-06,8.29547e-10
9.91392e+15,7004.63,4.429e+21,1.0575,0,0.005,21.1341,0.0100225,2.38087e-06,8.3703e-10
4.91783e+15,6958.33,4.43036e+21,1.059,0,0.005,19.9893,0.0102948,2.31889e-06,8.44513e-10
7.55285e+14,6913.36,4.43171e+21,1.0605,0,0.005,18.8871,0.0105655,2.25667e-06,8.51886e-10
5.11555e+14,6874.69,4.43298e+21,1.062,0,0.005,17.9851,0.0108295,2.1933e-06,8.58741e-10
2.67826e+14,6836.01,4.43425e+21,1.0635,0,0.005,17.0832,0.0110934,2.12993e-06,8.65597e-10
2.4096e+13,6797.34,4.43552e+21,1.065,0,0.005,16.1812,0.0113574,2.06657e-06,8.72452e-10
0,6764.9,4.43669e+21,1.0665,0,0.005,15.4599,0.0116104,2.00447e-06,8.78735e-10
0,6733.14,4.43785e+21,1.068,0,0.005,14.7585,0.0118623,1.94251e-06,8.84956e-10
0,6701.38,4.43902e+21,1.0695,0,0.005,14.057,0.0121142,1.88055e-06,8.91177e-10
0,6673.39,4.44011e+21,1.071,0,0.005,13.4536,0.0123571,1.82081e-06,8.9702e-10
0,6647.79,4.44116e+21,1.0725,0,0.005,12.9125,0.0125944,1.76249e-06,9.02624e-10
0,6622.19,4.44221e+21,1.074,0,0.005,12.3713,0.0128317,1.70416e-06,9.08227e-10
0,6598.25,4.44322e+21,1.0755,0,0.005,11.8686,0.0130641,1.64743e-06,9.13654e-10
0,6578.05,4.44416e+21,1.077,0,0.005,11.4525,0.0132855,1.59428e-06,9.18679e-10
0,6557.85,4.4451e+21,1.0785,0,0.005,11.0365,0.0135068,1.54113e-06,9.23704e-10
0,6537.64,4.44604e+21,1.08,0,0.005,10.6205,0.0137282,1.48798e-06,9.28729e-10
0,6522,4.44687e+21,1.0815,0,0.005,10.299,0.0139337,1.44073e-06,9.33234e-10
0,6506.43,4.44771e+21,1.083,0,0.005,9.97891,0.014139,1.39356e-06,9.37732e-10
0,6490.85,4.44855e+21,1.0845,0,0.005,9.65876,0.0143442,1.34639e-06,9.42231e-10
0,6477.81,4.44932e+21,1.086,0,0.005,9.38591,0.0145394,1.30324e-06,9.46425e-10
0,6466.12,4.45007e+21,1.0875,0,0.005,9.13845,0.0147291,1.26225e-06,9.50457e-10
0,6454.43,4.45081e+21,1.089,0,0.005,8.891,0.0149189,1.22125e-06,9.54488e-10
0,6443.7,4.45153e+21,1.0905,0,0.005,8.65993,0.0151043,1.18203e-06,9.58397e-10
0,6435.22,4.45219e+21,1.092,0,0.005,8.4672,0.0152796,1.14694e-06,9.62021e-10
0,6426.74,4.45285e+21,1.0935,0,0.005,8.27447,0.0154549,1.11185e-06,9.65645e-10
0,6418.26,4.45351e+21,1.095,0,0.005,8.08174,0.0156302,1.07676e-06,9.69268e-10
0,6412.21,4.45411e+21,1.0965,0,0.005,7.92725,0.0157934,1.04663e-06,9.72565e-10
0,6406.32,4.4547e+21,1.098,0,0.005,7.77554,0.0159556,1.01687e-06,9.75838e-10
0,6400.44,4.45528e+21,1.0995,0,0.005,7.62383,0.0161179,9.87105e-07,9.79111e-10
0,6395.7,4.45584e+21,1.101,0,0.005,7.48908,0.0162738,9.59893e-07,9.82219e-10
0,6391.9,4.45636e+21,1.1025,0,0.005,7.36823,0.0164244,9.34772e-07,9.85192e-10
0,6388.1,4.45688e+21,1.104,0,0.005,7.24737,0.0165751,9.0965e-07,9.88166e-10
0,6384.55,4.45739e+21,1.1055,0,0.005,7.13004,0.0167242,8.85126e-07,9.911e-10
0,6382.4,4.45785e+21,1.107,0,0.005,7.03251,0.0168647,8.63948e-07,9.93818e-10
0,6380.26,4.45832e+21,1.1085,0,0.005,6.93498,0.0170052,8.42771e-07,9.96536e-10
0,6378.11,4.45878e+21,1.11,0,0.005,6.83744,0.0171457,8.21594e-07,9.99254e-10
0,6376.93,4.45922e+21,1.1115,0,0.005,6.75298,0.0172797,8.02835e-07,1.00181e-09
0,6376.1,4.45964e+21,1.113,0,0.005,6.67318,0.0174113,7.8494e-07,1.00431e-09
0,6375.27,4.46006e+21,1.1145,0,0.005,6.59339,0.0175429,7.67044e-07,1.00681e-09
0,6374.76,4.46048e+21,1.116,0,0.005,6.51778,0.0176722,7.49985e-07,1.00925e-09
0,6374.98,4.46087e+21,1.1175,0,0.005,6.45165,0.017796,7.34813e-07,1.01157e-09
0,6375.21,4.46126e+21,1.119,0,0.005,6.38552,0.0179199,7.19641e-07,1.01388e-09
0,6375.43,4.46165e+21,1.1205,0,0.005,6.31938,0.0180438,7.04469e-07,1.0162e-09
0,6376.39,4.46203e+21,1.122,0,0.005,6.26248,0.0181619,6.91257e-07,1.01837e-09
0,6377.47,4.46241e+21,1.1235,0,0.005,6.20708,0.018279,6.78362e-07,1.02052e-09
0,6378.54,4.46278e+21,1.125,0,0.005,6.15167,0.0183961,6.65467e-07,1.02268e-09
0,6379.9,4.46316e+21,1.1265,0,0.005,6.09967,0.0185109,6.53333e-07,1.02478e-09
0,6381.69,4.46352e+21,1.128,0,0.005,6.0528,0.0186222,6.42348e-07,1.02679e-09
0,6383.47,4.46389e+21,1.1295,0,0.005,6.00594,0.0187335,6.31363e-07,1.0288e-09
0,6385.26,4.46426e+21,1.131,0,0.005,5.95907,0.0188447,6.20377e-07,1.03082e-09
0,6387.59,4.46463e+21,1.1325,0,0.005,5.91859,0.0189513,6.10891e-07,1.03272e-09
0,6389.96,4.46499e+21,1.134,0,0.005,5.87867,0.0190575,6.01536e-07,1.03462e-09
0,6392.34,4.46536e+21,1.1355,0,0.005,5.83874,0.0191637,5.92181e-07,1.03651e-09
0,6394.93,4.46573e+21,1.137,0,0.005,5.80121,0.019268,5.83406e-07,1.03837e-09
0,6397.81,4.46609e+21,1.1385,0,0.005,5.7669,0.0193698,5.75417e-07,1.04016e-09
0,6400.69,4.46646e+21,1.14,0,0.005,5.73259,0.0194716,5.67429e-07,1.04195e-09
0,6403.57,4.46682e+21,1.1415,0,0.005,5.69828,0.0195734,5.5944e-07,1.04374e-09
0,6406.82,4.46719e+21,1.143,0,0.005,5.66813,0.0196717,5.5249e-07,1.04545e-09
0,6410.12,4.46755e+21,1.1445,0,0.005,5.63836,0.0197697,5.45637e-07,1.04715e-09
0,6413.41,4.46791e+21,1.146,0,0.005,5.6086,0.0198678,5.38785e-07,1.04886e-09
0,6416.83,4.46827e+21,1.1475,0,0.005,5.58025,0.0199645,5.3229e-07,1.05053e-09
0,6420.47,4.46862e+21,1.149,0,0.005,5.55412,0.0200593,5.26359e-07,1.05216e-09
0,6424.1,4.46897e+21,1.1505,0,0.005,5.528,0.020154,5.20429e-07,1.05379e-09
0,6427.73,4.46932e+21,1.152,0,0.005,5.50188,0.0202487,5.145e-07,1.05541e-09
0,6431.6,4.46966e+21,1.1535,0,0.005,5.4783,0.0203411,5.09226e-07,1.05699e-09
0,6435.53,4.47e+21,1.155,0,0.005,5.4552,0.020433,5.04075e-07,1.05855e-09
0,6439.45,4.47034e+21,1.1565,0,0.005,5.43209,0.0205249,4.98924e-07,1.06011e-09
0,6443.45,4.47067e+21,1.158,0,0.005,5.40972,0.0206161,4.93968e-07,1.06165e-09
0,6447.63,4.47099e+21,1.1595,0,0.005,5.3892,0.0207056,4.89504e-07,1.06316e-09
0,6451.81,4.47131e+21,1.161,0,0.005,5.36869,0.020795,4.8504e-07,1.06466e-09
0,6455.99,4.47163e+21,1.1625,0,0.005,5.34818,0.0208845,4.80576e-07,1.06616e-09
0,6460.34,4.47193e+21,1.164,0,0.005,5.32923,0.0209725,4.76531e-07,1.06763e-09
0,6464.76,4.47223e+21,1.1655,0,0.005,5.31092,0.0210599,4.72662e-07,1.06908e-09
0,6469.17,4.47252e+21,1.167,0,0.005,5.29261,0.0211472,4.68792e-07,1.07054e-09
0,6473.61,4.47282e+21,1.1685,0,0.005,5.27452,0.0212344,4.6498e-07,1.07199e-09
0,6478.23,4.47309e+21,1.17,0,0.005,5.25807,0.0213199,4.61612e-07,1.0734e-09
0,6482.85,4.47337e+21,1.1715,0,0.005,5.24163,0.0214055,4.58244e-07,1.07481e-09
0,6487.47,4.47365e+21,1.173,0,0.005,5.22518,0.021491,4.54876e-07,1.07622e-09
0,6492.18,4.47392e+21,1.1745,0,0.005,5.20945,0.0215758,4.51694e-07,1.07761e-09
0,6496.97,4.47419e+21,1.176,0,0.005,5.19444,0.0216597,4.48696e-07,1.07898e-09
0,6501.76,4.47446e+21,1.1775,0,0.005,5.17942,0.0217436,4.45697e-07,1.08036e-09
0,6506.55,4.47473e+21,1.179,0,0.005,5.1644,0.0218276,4.42698e-07,1.08173e-09
0,6511.47,4.47499e+21,1.1805,0,0.005,5.15034,0.0219103,4.39927e-07,1.08307e-09
0,6516.4,4.47526e+21,1.182,0,0.005,5.13641,0.0219927,4.37188e-07,1.0844e-09
0,6521.33,4.47552e+21,1.1835,0,0.005,5.12248,0.0220752,4.34448e-07,1.08574e-09
0,6526.28,4.47579e+21,1.185,0,0.005,5.10873,0.0221574,4.31746e-07,1.08706e-09
0,6531.32,4.47606e+21,1.1865,0,0.005,5.09558,0.0222385,4.29163e-07,1.08836e-09
0,6536.35,4.47634e+21,1.188,0,0.005,5.08243,0.0223196,4.26581e-07,1.08966e-09
0,6541.39,4.47661e+21,1.1895,0,0.005,5.06928,0.0224007,4.23999e-07,1.09096e-09
0,6546.47,4.4769e+21,1.191,0,0.005,5.05647,0.0224811,4.21466e-07,1.09224e-09
0,6551.59,4.4772e+21,1.1925,0,0.005,5.0439,0.0225608,4.1897e-07,1.0935e-09
0,6556.7,4.4775e+21,1.194,0,0.005,5.03132,0.0226406,4.16475e-07,1.09477e-09
0,6561.82,4.4778e+21,1.1955,0,0.005,5.01875,0.0227203,4.1398e-07,1.09603e-09
0,6567,4.47813e+21,1.197,0,0.005,5.00661,0.0227989,4.11532e-07,1.09726e-09
0,6572.18,4.47846e+21,1.1985,0,0.005,4.99451,0.0228773,4.09091e-07,1.09849e-09
0,6577.36,4.4788e+21,1.2,0,0.005,4.98242,0.0229557,4.06649e-07,1.09971e-09
0,6582.56,4.47915e+21,1.2015,0,0.005,4.97041,0.0230339,4.04216e-07,1.10093e-09
0,6587.8,4.47953e+21,1.203,0,0.005,4.95875,0.0231109,4.01818e-07,1.10213e-09
0,6593.04,4.47991e+21,1.2045,0,0.005,4.94708,0.0231879,3.99419e-07,1.10332e-09
0,6598.28,4.48029e+21,1.206,0,0.005,4.93542,0.023265,3.97021e-07,1.10451e-09
0,6603.55,4.4807e+21,1.2075,0,0.005,4.92397,0.0233414,3.94647e-07,1.10568e-09
0,6608.84,4.48113e+21,1.209,0,0.005,4.91274,0.023417,3.92298e-07,1.10684e-09
0,6614.14,4.48156e+21,1.2105,0,0.005,4.90151,0.0234927,3.8995e-07,1.108e-09
0,6619.43,4.48199e+21,1.212,0,0.005,4.89028,0.0235684,3.87601e-07,1.10916e-09
0,6624.75,4.48246e+21,1.2135,0,0.005,4.8793,0.023643,3.85265e-07,1.11028e-09
0,6630.08,4.48293e+21,1.215,0,0.005,4.86839,0.0237173,3.82932e-07,1.11141e-09
0,6635.41,4.4834e+21,1.2165,0,0.005,4.85749,0.0237916,3.806e-07,1.11253e-09
0,6640.74,4.48388e+21,1.218,0,0.005,4.84659,0.0238659,3.78267e-07,1.11365e-09
0,6646.07,4.48438e+21,1.2195,0,0.005,4.83592,0.0239388,3.75927e-07,1.11474e-09
0,6651.4,4.48488e+21,1.221,0,0.005,4.82526,0.0240117,3.73586e-07,1.11582e-09
0,6656.74,4.48539e+21,1.2225,0,0.005,4.8146,0.0240846,3.71245e-07,1.11691e-09
0,6662.07,4.48589e+21,1.224,0,0.005,4.80398,0.0241572,3.689e-07,1.11799e-09
0,6667.38,4.4864e+21,1.2255,0,0.005,4.7935,0.0242286,3.66537e-07,1.11905e-09
0,6672.69,4.48691e+21,1.227,0,0.005,4.78301,0.0243001,3.64175e-07,1.1201e-09
0,6678,4.48742e+21,1.2285,0,0.005,4.77253,0.0243716,3.61813e-07,1.12116e-09
0,6683.29,4.48793e+21,1.23,0,0.005,4.76214,0.0244424,3.59447e-07,1.1222e-09
0,6688.56,4.48842e+21,1.2315,0,0.005,4.75184,0.0245124,3.57076e-07,1.12323e-09
0,6693.83,4.48892e+21,1.233,0,0.005,4.74155,0.0245825,3.54705e-07,1.12426e-09
0,6699.09,4.48941e+21,1.2345,0,0.005,4.73126,0.0246525,3.52334e-07,1.12529e-09
0,6704.33,4.48988e+21,1.236,0,0.005,4.72113,0.0247216,3.4998e-07,1.1263e-09
0,6709.54,4.49034e+21,1.2375,0,0.005,4.7111,0.0247902,3.47634e-07,1.1273e-09
0,6714.76,4.4908e+21,1.239,0,0.005,4.70106,0.0248588,3.45289e-07,1.1283e-09
0,6719.97,4.49126e+21,1.2405,0,0.005,4.69102,0.0249273,3.42943e-07,1.1293e-09
0,6725.14,4.49168e+21,1.242,0,0.005,4.68122,0.0249947,3.40634e-07,1.13028e-09
0,6730.29,4.49208e+21,1.2435,0,0.005,4.67146,0.0250619,3.38331e-07,1.13126e-09
0,6735.45,4.49249e+21,1.245,0,0.005,4.6617,0.0251291,3.36028e-07,1.13224e-09
0,6740.61,4.4929e+21,1.2465,0,0.005,4.65194,0.0251963,3.33725e-07,1.13321e-09
0,6745.71,4.49324e+21,1.248,0,0.005,4.64253,0.0252621,3.31495e-07,1.13417e-09
0,6750.81,4.49359e+21,1.2495,0,0.005,4.63311,0.0253279,3.29265e-07,1.13512e-09
0,6755.91,4.49394e+21,1.251,0,0.005,4.62369,0.0253937,3.27036e-07,1.13607e-09
0,6761.01,4.49427e+21,1.2525,0,0.005,4.61433,0.0254593,3.24817e-07,1.13702e-09
0,6766.05,4.49456e+21,1.254,0,0.005,4.60524,0.0255237,3.2266e-07,1.13796e-09
0,6771.1,4.49484e+21,1.2555,0,0.005,4.59615,0.0255882,3.20504e-07,1.13889e-09
0,6776.14,4.49513e+21,1.257,0,0.005,4.58706,0.0256526,3.18347e-07,1.13982e-09
0,6781.17,4.4954e+21,1.2585,0,0.005,4.57806,0.0257167,3.16208e-07,1.14075e-09
0,6786.15,4.49563e+21,1.26,0,0.005,4.56927,0.0257798,3.14115e-07,1.14166e-09
0,6791.13,4.49586e+21,1.2615,0,0.005,4.56048,0.0258429,3.12021e-07,1.14257e-09
0,6796.11,4.49609e+21,1.263,0,0.005,4.5517,0.025906,3.09928e-07,1.14348e-09
0,6801.07,4.4963e+21,1.2645,0,0.005,4.54303,0.0259686,3.07861e-07,1.14438e-09
0,6806,4.49649e+21,1.266,0,0.005,4.53454,0.0260304,3.05836e-07,1.14527e-09
0,6810.92,4.49667e+21,1.2675,0,0.005,4.52606,0.0260922,3.0381e-07,1.14616e-09
0,6815.85,4.49685e+21,1.269,0,0.005,4.51757,0.026154,3.01784e-07,1.14705e-09
0,6820.74,4.49702e+21,1.2705,0,0.005,4.5092,0.0262151,2.99776e-07,1.14793e-09
0,6825.6,4.49716e+21,1.272,0,0.005,4.50094,0.0262755,2.97786e-07,1.1488e-09
0,6830.45,4.49731e+21,1.2735,0,0.005,4.49268,0.026336,2.95797e-07,1.14967e-09
0,6835.31,4.49745e+21,1.275,0,0.005,4.48443,0.0263965,2.93808e-07,1.15053e-09
0,6840.13,4.49758e+21,1.2765,0,0.005,4.47628,0.0264562,2.91836e-07,1.15139e-09
0,6844.91,4.4977e+21,1.278,0,0.005,4.46824,0.0265153,2.89877e-07,1.15223e-09
0,6849.7,4.49781e+21,1.2795,0,0.005,4.46019,0.0265745,2.87919e-07,1.15308e-09
0,6854.48,4.49793e+21,1.281,0,0.005,4.45214,0.0266336,2.85961e-07,1.15393e-09
0,6859.22,4.49803e+21,1.2825,0,0.005,4.4442,0.0266919,2.84013e-07,1.15476e-09
0,6863.92,4.49813e+21,1.284,0,0.005,4.43632,0.0267497,2.82071e-07,1.15558e-09
0,6868.63,4.49823e+21,1.2855,0,0.005,4.42845,0.0268075,2.8013e-07,1.15641e-09
0,6873.33,4.49832e+21,1.287,0,0.005,4.42057,0.0268653,2.78189e-07,1.15723e-09
0,6877.99,4.49841e+21,1.2885,0,0.005,4.41283,0.0269222,2.76264e-07,1.15804e-09
0,6882.61,4.49849e+21,1.29,0,0.005,4.40514,0.0269787,2.74349e-07,1.15884e-09
0,6887.24,4.49857e+21,1.2915,0,0.005,4.39746,0.0270351,2.72434e-07,1.15964e-09
0,6891.87,4.49865e+21,1.293,0,0.005,4.38978,0.0270916,2.70519e-07,1.16044e-09
0,6896.45,4.49873e+21,1.2945,0,0.005,4.38227,0.0271471,2.68638e-07,1.16123e-09
0,6901.01,4.4988e+21,1.296,0,0.005,4.37483,0.0272022,2.66773e-07,1.16201e-09
0,6905.57,4.49887e+21,1.2975,0,0.005,4.3674,0.0272574,2.64908e-07,1.16279e-09
0,6910.13,4.49894e+21,1.299,0,0.005,4.35997,0.0273125,2.63044e-07,1.16357e-09
0,6914.64,4.499e+21,1.3005,0,0.005,4.35265,0.0273667,2.61193e-07,1.16433e-09
0,6919.12,4.49907e+21,1.302,0,0.005,4.34539,0.0274205,2.5935e-07,1.16508e-09
0,6923.6,4.49913e+21,1.3035,0,0.005,4.33814,0.0274742,2.57506e-07,1.16584e-09
0,6928.08,4.4992e+21,1.305,0,0.005,4.33088,0.027528,2.55663e-07,1.1666e-09
0,6932.5,4.49926e+21,1.3065,0,0.005,4.3237,0.0275809,2.53821e-07,1.16734e-09
0,6936.89,4.49933e+21,1.308,0,0.005,4.31657,0.0276333,2.5198e-07,1.16807e-09
0,6941.27,4.49939e+21,1.3095,0,0.005,4.30944,0.0276857,2.50139e-07,1.1688e-09
0,6945.66,4.49946e+21,1.311,0,0.005,4.30231,0.0277381,2.48298e-07,1.16953e-09
0,6949.99,4.49952e+21,1.3125,0,0.005,4.29527,0.0277896,2.46461e-07,1.17025e-09
0,6954.28,4.49959e+21,1.314,0,0.005,4.28828,0.0278406,2.44627e-07,1.17096e-09
0,6958.58,4.49966e+21,1.3155,0,0.005,4.28128,0.0278916,2.42792e-07,1.17167e-09
0,6962.87,4.49973e+21,1.317,0,0.005,4.27429,0.0279426,2.40957e-07,1.17238e-09
0,6967.11,4.4998e+21,1.3185,0,0.005,4.26737,0.0279929,2.39123e-07,1.17307e-09
0,6971.3,4.49988e+21,1.32,0,0.005,4.2605,0.0280424,2.37289e-07,1.17376e-09
0,6975.5,4.49996e+21,1.3215,0,0.005,4.25363,0.028092,2.35455e-07,1.17444e-09
0,6979.69,4.50004e+21,1.323,0,0.005,4.24675,0.0281416,2.33622e-07,1.17513e-09
0,6983.85,4.50012e+21,1.3245,0,0.005,4.24,0.0281905,2.31811e-07,1.1758e-09
0,6987.97,4.50021e+21,1.326,0,0.005,4.23336,0.0282387,2.30024e-07,1.17646e-09
0,6992.08,4.50031e+21,1.3275,0,0.005,4.22672,0.0282869,2.28237e-07,1.17712e-09
0,6996.2,4.5004e+21,1.329,0,0.005,4.22009,0.028335,2.2645e-07,1.17778e-09
0,7000.28,4.5005e+21,1.3305,0,0.005,4.21351,0.0283827,2.2467e-07,1.17843e-09
0,7004.31,4.5006e+21,1.332,0,0.005,4.20704,0.0284294,2.22902e-07,1.17907e-09
0,7008.33,4.50071e+21,1.3335,0,0.005,4.20056,0.0284762,2.21134e-07,1.17971e-09
0,7012.36,4.50081e+21,1.335,0,0.005,4.19409,0.0285229,2.19365e-07,1.18034e-09
0,7016.35,4.50092e+21,1.3365,0,0.005,4.18763,0.0285693,2.17592e-07,1.18097e-09
0,7020.25,4.50103e+21,1.338,0,0.005,4.18123,0.0286146,2.15807e-07,1.18159e-09
0,7024.16,4.50115e+21,1.3395,0,0.005,4.17482,0.0286599,2.14022e-07,1.1822e-09
0,7028.07,4.50126e+21,1.341,0,0.005,4.16842,0.0287052,2.12237e-07,1.18281e-09
0,7031.95,4.50138e+21,1.3425,0,0.005,4.16203,0.0287503,2.10452e-07,1.18342e-09
0,7035.75,4.5015e+21,1.344,0,0.005,4.15573,0.0287942,2.08669e-07,1.18401e-09
0,7039.54,4.50162e+21,1.3455,0,0.005,4.14944,0.0288381,2.06886e-07,1.1846e-09
0,7043.33,4.50174e+21,1.347,0,0.005,4.14315,0.028882,2.05103e-07,1.1852e-09
0,7047.12,4.50187e+21,1.3485,0,0.005,4.13686,0.0289258,2.0332e-07,1.18579e-09
0,7050.77,4.50199e+21,1.35,0,0.005,4.13063,0.0289682,2.0152e-07,1.18635e-09
0,7054.42,4.5021e+21,1.3515,0,0.005,4.1244,0.0290106,1.99721e-07,1.18692e-09
0,7058.08,4.50222e+21,1.353,0,0.005,4.11816,0.029053,1.97921e-07,1.18749e-09
0,7061.73,4.50234e+21,1.3545,0,0.005,4.11193,0.0290954,1.96121e-07,1.18805e-09
0,7065.27,4.50246e+21,1.356,0,0.005,4.1058,0.0291365,1.94329e-07,1.1886e-09
0,7068.79,4.50257e+21,1.3575,0,0.005,4.09969,0.0291774,1.92538e-07,1.18915e-09
0,7072.3,4.50268e+21,1.359,0,0.005,4.09358,0.0292183,1.90747e-07,1.18969e-09
0,7075.82,4.50279e+21,1.3605,0,0.005,4.08747,0.0292591,1.88956e-07,1.19024e-09
0,7079.26,4.50289e+21,1.362,0,0.005,4.08147,0.0292991,1.87188e-07,1.19077e-09
0,7082.67,4.503e+21,1.3635,0,0.005,4.07554,0.0293385,1.85433e-07,1.1913e-09
0,7086.07,4.5031e+21,1.365,0,0.005,4.06961,0.0293779,1.83679e-07,1.19182e-09
0,7089.48,4.5032e+21,1.3665,0,0.005,4.06368,0.0294174,1.81924e-07,1.19235e-09
0,7092.8,4.50329e+21,1.368,0,0.005,4.05773,0.0294561,1.80141e-07,1.19286e-09
0,7096.03,4.50338e+21,1.3695,0,0.005,4.05174,0.029494,1.78321e-07,1.19336e-09
0,7099.25,4.50347e+21,1.371,0,0.005,4.04575,0.0295319,1.76502e-07,1.19387e-09
0,7102.47,4.50356e+21,1.3725,0,0.005,4.03976,0.0295698,1.74682e-07,1.19437e-09
0,7105.65,4.50365e+21,1.374,0,0.005,4.03376,0.0296074,1.72853e-07,1.19487e-09
0,7108.69,4.50374e+21,1.3755,0,0.005,4.02775,0.0296437,1.70984e-07,1.19535e-09
0,7111.72,4.50382e+21,1.377,0,0.005,4.02174,0.0296799,1.69115e-07,1.19583e-09
0,7114.75,4.50391e+21,1.3785,0,0.005,4.01573,0.0297162,1.67247e-07,1.19631e-09
0,7117.78,4.50399e+21,1.38,0,0.005,4.00973,0.0297525,1.65378e-07,1.19679e-09
0,7120.69,4.50408e+21,1.3815,0,0.005,4.00388,0.0297873,1.63535e-07,1.19724e-09
0,7123.58,4.50417e+21,1.383,0,0.005,3.99804,0.029822,1.61694e-07,1.1977e-09
0,7126.48,4.50426e+21,1.3845,0,0.005,3.9922,0.0298566,1.59852e-07,1.19816e-09
0,7129.37,4.50436e+21,1.386,0,0.005,3.98636,0.0298913,1.5801e-07,1.19861e-09
0,7132.16,4.50446e+21,1.3875,0,0.005,3.98059,0.0299249,1.56166e-07,1.19905e-09
0,7134.9,4.50458e+21,1.389,0,0.005,3.97485,0.0299579,1.54319e-07,1.19948e-09
0,7137.64,4.50469e+21,1.3905,0,0.005,3.96911,0.029991,1.52473e-07,1.19991e-09
0,7140.39,4.5048e+21,1.392,0,0.005,3.96337,0.030024,1.50627e-07,1.20034e-09
0,7143.07,4.50493e+21,1.3935,0,0.005,3.9577,0.0300564,1.4879e-07,1.20076e-09
0,7145.67,4.50508e+21,1.395,0,0.005,3.95212,0.0300878,1.46966e-07,1.20117e-09
0,7148.27,4.50522e+21,1.3965,0,0.005,3.94655,0.0301191,1.45142e-07,1.20157e-09
0,7150.87,4.50537e+21,1.398,0,0.005,3.94098,0.0301505,1.43319e-07,1.20198e-09
0,7153.46,4.50552e+21,1.3995,0,0.005,3.93545,0.0301817,1.41506e-07,1.20238e-09
0,7156.01,4.50572e+21,1.401,0,0.005,3.93029,0.0302115,1.39811e-07,1.20276e-09
0,7158.55,4.50592e+21,1.4025,0,0.005,3.92513,0.0302413,1.38116e-07,1.20313e-09
0,7161.09,4.50611e+21,1.404,0,0.005,3.91998,0.0302711,1.3642e-07,1.20351e-09
0,7163.63,4.50631e+21,1.4055,0,0.005,3.91482,0.0303009,1.34725e-07,1.20389e-09
0,7166.07,4.50654e+21,1.407,0,0.005,3.90975,0.0303295,1.33028e-07,1.20425e-09
0,7168.47,4.50678e+21,1.4085,0,0.005,3.9047,0.0303577,1.31331e-07,1.2046e-09
0,7170.88,4.50702e+21,1.41,0,0.005,3.89965,0.0303859,1.29634e-07,1.20495e-09
0,7173.28,4.50727e+21,1.4115,0,0.005,3.8946,0.0304141,1.27937e-07,1.2053e-09
0,7175.62,4.50753e+21,1.413,0,0.005,3.88956,0.0304416,1.26222e-07,1.20564e-09
0,7177.86,4.50781e+21,1.4145,0,0.005,3.88453,0.0304682,1.24483e-07,1.20596e-09
0,7180.11,4.5081e+21,1.416,0,0.005,3.8795,0.0304947,1.22744e-07,1.20629e-09
0,7182.35,4.50839e+21,1.4175,0,0.005,3.87446,0.0305213,1.21005e-07,1.20661e-09
0,7184.59,4.50867e+21,1.419,0,0.005,3.86943,0.0305478,1.19265e-07,1.20694e-09
0,7186.69,4.50899e+21,1.4205,0,0.005,3.86446,0.0305727,1.17507e-07,1.20724e-09
0,7188.78,4.50931e+21,1.422,0,0.005,3.8595,0.0305976,1.15749e-07,1.20754e-09
0,7190.88,4.50963e+21,1.4235,0,0.005,3.85453,0.0306225,1.13991e-07,1.20784e-09
0,7192.97,4.50994e+21,1.425,0,0.005,3.84956,0.0306474,1.12232e-07,1.20814e-09
0,7194.94,4.51027e+21,1.4265,0,0.005,3.84455,0.0306711,1.10425e-07,1.20842e-09
0,7196.83,4.51061e+21,1.428,0,0.005,3.83951,0.0306943,1.08591e-07,1.20869e-09
0,7198.72,4.51094e+21,1.4295,0,0.005,3.83447,0.0307175,1.06757e-07,1.20897e-09
0,7200.61,4.51127e+21,1.431,0,0.005,3.82943,0.0307407,1.04923e-07,1.20924e-09
0,7202.45,4.5116e+21,1.4325,0,0.005,3.8244,0.0307635,1.0308e-07,1.20951e-09
0,7204.11,4.51192e+21,1.434,0,0.005,3.81938,0.0307849,1.01211e-07,1.20976e-09
0,7205.77,4.51224e+21,1.4355,0,0.005,3.81436,0.0308063,9.93418e-08,1.21001e-09
0,7207.43,4.51256e+21,1.437,0,0.005,3.80933,0.0308278,9.74726e-08,1.21027e-09
0,7209.09,4.51288e+21,1.4385,0,0.005,3.80431,0.0308492,9.56033e-08,1.21052e-09
0,7210.65,4.51318e+21,1.44,0,0.005,3.79955,0.0308693,9.38181e-08,1.21075e-09
0,7212.18,4.51348e+21,1.4415,0,0.005,3.79484,0.0308891,9.20521e-08,1.21099e-09
0,7213.71,4.51378e+21,1.443,0,0.005,3.79013,0.030909,9.0286e-08,1.21122e-09
0,7215.24,4.51408e+21,1.4445,0,0.005,3.78543,0.0309288,8.85198e-08,1.21145e-09
0,7216.69,4.51436e+21,1.446,0,0.005,3.78076,0.030948,8.67605e-08,1.21168e-09
0,7218.01,4.5146e+21,1.4475,0,0.005,3.77618,0.0309661,8.50131e-08,1.21189e-09
0,7219.32,4.51483e+21,1.449,0,0.005,3.77159,0.0309843,8.32657e-08,1.21211e-09
0,7220.63,4.51507e+21,1.4505,0,0.005,3.767,0.0310024,8.15183e-08,1.21232e-09
0,7221.94,4.51531e+21,1.452,0,0.005,3.76241,0.0310205,7.97709e-08,1.21254e-09
0,7223.01,4.51547e+21,1.4535,0,0.005,3.75791,0.031037,7.80401e-08,1.21274e-09
0,7224.04,4.51563e+21,1.455,0,0.005,3.75342,0.0310533,7.63112e-08,1.21293e-09
0,7225.08,4.51578e+21,1.4565,0,0.005,3.74894,0.0310696,7.45824e-08,1.21313e-09
0,7226.12,4.51593e+21,1.458,0,0.005,3.74445,0.0310858,7.28536e-08,1.21333e-09
0,7227.08,4.51605e+21,1.4595,0,0.005,3.7401,0.0311014,7.11716e-08,1.21352e-09
0,7227.94,4.51612e+21,1.461,0,0.005,3.73594,0.031116,6.95601e-08,1.21371e-09
0,7228.81,4.51619e+21,1.4625,0,0.005,3.73178,0.0311306,6.79486e-08,1.21389e-09
0,7229.67,4.51626e+21,1.464,0,0.005,3.72761,0.0311452,6.63371e-08,1.21407e-09
0,7230.53,4.51633e+21,1.4655,0,0.005,3.72345,0.0311598,6.47256e-08,1.21426e-09
0,7231.33,4.51641e+21,1.467,0,0.005,3.71929,0.0311734,6.30837e-08,1.21443e-09
0,7232.12,4.51648e+21,1.4685,0,0.005,3.71513,0.0311868,6.14378e-08,1.2146e-09
0,7232.91,4.51656e+21,1.47,0,0.005,3.71097,0.0312003,5.97919e-08,1.21476e-09
0,7233.7,4.51663e+21,1.4715,0,0.005,3.70681,0.0312137,5.8146e-08,1.21493e-09
0,7234.37,4.51668e+21,1.473,0,0.005,3.70258,0.0312266,5.64569e-08,1.21509e-09
0,7234.81,4.51668e+21,1.4745,0,0.005,3.69823,0.0312382,5.4688e-08,1.21524e-09
0,7235.26,4.51668e+21,1.476,0,0.005,3.69387,0.0312499,5.2919e-08,1.21539e-09
0,7235.7,4.51668e+21,1.4775,0,0.005,3.68951,0.0312615,5.115e-08,1.21554e-09
0,7236.14,4.51668e+21,1.479,0,0.005,3.68515,0.0312731,4.9381e-08,1.21569e-09
0,7236.36,4.51662e+21,1.4805,0,0.005,3.68082,0.0312831,4.75907e-08,1.21583e-09
0,7236.52,4.51655e+21,1.482,0,0.005,3.67649,0.0312925,4.5795e-08,1.21596e-09
0,7236.69,4.51648e+21,1.4835,0,0.005,3.67217,0.031302,4.39993e-08,1.21609e-09
0,7236.85,4.5164e+21,1.485,0,0.005,3.66784,0.0313115,4.22036e-08,1.21622e-09
0,7236.95,4.51633e+21,1.4865,0,0.005,3.66334,0.0313209,4.03195e-08,1.21635e-09
0,7236.84,4.51628e+21,1.488,0,0.005,3.65819,0.0313303,3.8118e-08,1.21647e-09
0,7236.72,4.51623e+21,1.4895,0,0.005,3.65304,0.0313396,3.59166e-08,1.2166e-09
0,7236.61,4.51618e+21,1.491,0,0.005,3.64789,0.0313489,3.37152e-08,1.21672e-09
0,7236.49,4.51613e+21,1.4925,0,0.005,3.64274,0.0313583,3.1514e-08,1.21685e-09
0,7236.28,4.51609e+21,1.494,0,0.005,3.63885,0.0313648,2.98417e-08,1.21694e-09
0,7236.02,4.51604e+21,1.4955,0,0.005,3.63574,0.0313697,2.8494e-08,1.217e-09
0,7235.75,4.516e+21,1.497,0,0.005,3.63262,0.0313746,2.71463e-08,1.21707e-09
0,7235.48,4.51595e+21,1.4985,0,0.005,3.62951,0.0313794,2.57986e-08,1.21713e-09
0,7235.21,4.51591e+21,1.5,0,0.005,3.62639,0.0313843,2.44509e-08,1.2172e-09
